team_id	team_name	number	name_ja	name_en	height_cm	player_id	url
1637	ベルテックス静岡	2	今野 海輝	Mitsuki Konno	176	51000575	https://www.bleague.jp/roster_detail/?PlayerID=51000575
1637	ベルテックス静岡	3	山本 愛哉	Manaya Yamamoto	163	51000444	https://www.bleague.jp/roster_detail/?PlayerID=51000444
1637	ベルテックス静岡	5	クリス・エブ・ンドウ	Chris-Ebou Ndow	199	51000539	https://www.bleague.jp/roster_detail/?PlayerID=51000539
1637	ベルテックス静岡	6	上村 大佐	Taisuke Uemura	190	51000453	https://www.bleague.jp/roster_detail/?PlayerID=51000453
1637	ベルテックス静岡	7	渡久地 政睦	Masachika Toguchi	175	51000557	https://www.bleague.jp/roster_detail/?PlayerID=51000557
1637	ベルテックス静岡	11	増田 啓介	Keisuke Masuda	194	20018	https://www.bleague.jp/roster_detail/?PlayerID=20018
1637	ベルテックス静岡	14	柏倉 哲平	Teppei Kashiwagura	180	10894	https://www.bleague.jp/roster_detail/?PlayerID=10894
1637	ベルテックス静岡	16	橋本 尚明	Naoaki Hashimoto	184	8684	https://www.bleague.jp/roster_detail/?PlayerID=8684
1637	ベルテックス静岡	21	ケニー・ローソン・ジュニア	KennyLawson Jr.	207	32988	https://www.bleague.jp/roster_detail/?PlayerID=32988
1637	ベルテックス静岡	22	バローン マーテル	Martel Barone	194	15828	https://www.bleague.jp/roster_detail/?PlayerID=15828
1637	ベルテックス静岡	25	鍋田 隆征	Ryusei Nabeta	175	51000375	https://www.bleague.jp/roster_detail/?PlayerID=51000375
1637	ベルテックス静岡	26	アンガス・ブラント	Angus Brandt	208	33039	https://www.bleague.jp/roster_detail/?PlayerID=33039
1637	ベルテックス静岡	30	サイモン 拓海	Takumi Simon	190	51000174	https://www.bleague.jp/roster_detail/?PlayerID=51000174
1637	ベルテックス静岡	33	林 翔太郎	Shotaro Hayashi	195	15816	https://www.bleague.jp/roster_detail/?PlayerID=15816
1637	ベルテックス静岡	41	加納 誠也	Seiya Kanou	196	9319	https://www.bleague.jp/roster_detail/?PlayerID=9319
1637	ベルテックス静岡	88	松田 颯	Fu Matsuda	191	51000574	https://www.bleague.jp/roster_detail/?PlayerID=51000574
1637	ベルテックス静岡	0	橋本 竜馬	Ryoma Hashimoto	178	8587	https://www.bleague.jp/roster_detail/?PlayerID=8587
1638	佐賀バルーナーズ	2	レイナルド・ガルシア	Reynaldo Garcia	187	33100	https://www.bleague.jp/roster_detail/?PlayerID=33100
1638	佐賀バルーナーズ	5	山下 泰弘	Yasuhiro Yamashita	187	9310	https://www.bleague.jp/roster_detail/?PlayerID=9310
1638	佐賀バルーナーズ	6	福永 健太	Kenta Fukunaga	176	51000473	https://www.bleague.jp/roster_detail/?PlayerID=51000473
1638	佐賀バルーナーズ	7	橋本 晃佑	Kosuke Hashimoto	203	8496	https://www.bleague.jp/roster_detail/?PlayerID=8496
1638	佐賀バルーナーズ	8	轟 琉維	Rui Todoroki	169	51000457	https://www.bleague.jp/roster_detail/?PlayerID=51000457
1638	佐賀バルーナーズ	13	阿部 諒	Ryo Abe	184	15756	https://www.bleague.jp/roster_detail/?PlayerID=15756
1638	佐賀バルーナーズ	14	金丸 晃輔	Kosuke Kanamaru	192	8592	https://www.bleague.jp/roster_detail/?PlayerID=8592
1638	佐賀バルーナーズ	17	大石 空汰	Sorata Oishi	171	51000376	https://www.bleague.jp/roster_detail/?PlayerID=51000376
1638	佐賀バルーナーズ	18	内尾 聡理	Sori Uchio	184	51000353	https://www.bleague.jp/roster_detail/?PlayerID=51000353
1638	佐賀バルーナーズ	20	岸田 篤生	Atsuki Kishida	175	18461	https://www.bleague.jp/roster_detail/?PlayerID=18461
1638	佐賀バルーナーズ	21	富山 仁貴	Toshiki Tomiyama	195	51000440	https://www.bleague.jp/roster_detail/?PlayerID=51000440
1638	佐賀バルーナーズ	22	タナー・グローヴス	Tanner Groves	208	51000480	https://www.bleague.jp/roster_detail/?PlayerID=51000480
1638	佐賀バルーナーズ	23	デイビッド・ダジンスキー	David Dudzinski	205	51000271	https://www.bleague.jp/roster_detail/?PlayerID=51000271
1638	佐賀バルーナーズ	25	角田 太輝	Taiki Sumida	182	51000111	https://www.bleague.jp/roster_detail/?PlayerID=51000111
1638	佐賀バルーナーズ	34	井上 諒汰	Ryota Inoue	185	26888	https://www.bleague.jp/roster_detail/?PlayerID=26888
1638	佐賀バルーナーズ	55	ジョシュ・ハレルソン	Josh Harrellson	208	9063	https://www.bleague.jp/roster_detail/?PlayerID=9063
2486	アルティーリ千葉	1	マリアル・シャヨク	Marial Shayok	196	51000578	https://www.bleague.jp/roster_detail/?PlayerID=51000578
2486	アルティーリ千葉	3	黒川 虎徹	Kotetsu Kurokawa	175	51000359	https://www.bleague.jp/roster_detail/?PlayerID=51000359
2486	アルティーリ千葉	5	前田 怜緒	Reo Maeda	191	30402	https://www.bleague.jp/roster_detail/?PlayerID=30402
2486	アルティーリ千葉	7	デレク・パードン	Dererk Pardon	203	51000321	https://www.bleague.jp/roster_detail/?PlayerID=51000321
2486	アルティーリ千葉	8	長谷川 智也	Tomoya Hasegawa	185	8594	https://www.bleague.jp/roster_detail/?PlayerID=8594
2486	アルティーリ千葉	11	杉本 慶	Kei Sugimoto	184	8520	https://www.bleague.jp/roster_detail/?PlayerID=8520
2486	アルティーリ千葉	16	大崎 裕太	Yuta Osaki	177	18429	https://www.bleague.jp/roster_detail/?PlayerID=18429
2486	アルティーリ千葉	21	ブランドン・アシュリー	Brandon Ashley	206	51000189	https://www.bleague.jp/roster_detail/?PlayerID=51000189
2486	アルティーリ千葉	22	トレイ・ポーター	Trey Porter	210	51000192	https://www.bleague.jp/roster_detail/?PlayerID=51000192
2486	アルティーリ千葉	24	大塚 裕土	Yuto Otsuka	188	8449	https://www.bleague.jp/roster_detail/?PlayerID=8449
2486	アルティーリ千葉	27	熊谷 尚也	Naoya Kumagae	195	8498	https://www.bleague.jp/roster_detail/?PlayerID=8498
2486	アルティーリ千葉	33	エヴァンス ルーク	Luke Evans	203	9418	https://www.bleague.jp/roster_detail/?PlayerID=9418
2486	アルティーリ千葉	42	渡邉 伶音	Leon Watanabe	206	51000352	https://www.bleague.jp/roster_detail/?PlayerID=51000352
2486	アルティーリ千葉	0	木田 貴明	Takaaki Kida	188	15750	https://www.bleague.jp/roster_detail/?PlayerID=15750
2488	長崎ヴェルカ	1	松本 健児リオン	Kenji leonMatsumoto	183	10893	https://www.bleague.jp/roster_detail/?PlayerID=10893
2488	長崎ヴェルカ	4	狩俣 昌也	Masaya Karimata	178	8590	https://www.bleague.jp/roster_detail/?PlayerID=8590
2488	長崎ヴェルカ	5	イ ヒョンジュン	Hyunjung Lee	201	51000379	https://www.bleague.jp/roster_detail/?PlayerID=51000379
2488	長崎ヴェルカ	6	森田 雄次	Yuji Morita	173	33026	https://www.bleague.jp/roster_detail/?PlayerID=33026
2488	長崎ヴェルカ	7	ジャレル・ブラントリー	Jarrell Brantley	201	51000304	https://www.bleague.jp/roster_detail/?PlayerID=51000304
2488	長崎ヴェルカ	9	森川 正明	Masaaki Morikawa	191	9405	https://www.bleague.jp/roster_detail/?PlayerID=9405
2488	長崎ヴェルカ	11	熊谷 航	Ko Kumagai	173	19957	https://www.bleague.jp/roster_detail/?PlayerID=19957
2488	長崎ヴェルカ	13	星川 堅信	Kenshin Hoshikawa	190	5100000021	https://www.bleague.jp/roster_detail/?PlayerID=5100000021
2488	長崎ヴェルカ	14	スタンリー・ジョンソン	Stanley Johnson	198	51000529	https://www.bleague.jp/roster_detail/?PlayerID=51000529
2488	長崎ヴェルカ	17	山口 颯斗	Hayato Yamaguchi	195	30437	https://www.bleague.jp/roster_detail/?PlayerID=30437
2488	長崎ヴェルカ	18	馬場 雄大	Yudai Baba	196	12577	https://www.bleague.jp/roster_detail/?PlayerID=12577
2488	長崎ヴェルカ	21	菅野 翔太	Shota Kanno	190	8677	https://www.bleague.jp/roster_detail/?PlayerID=8677
2488	長崎ヴェルカ	25	アキル・ミッチェル	Akil Mitchell	206	51000395	https://www.bleague.jp/roster_detail/?PlayerID=51000395
2488	長崎ヴェルカ	32	田中 流嘉州	Lucas Tanaka	194	51000590	https://www.bleague.jp/roster_detail/?PlayerID=51000590
2488	長崎ヴェルカ	99	川真田 紘也	Koya Kawamata	204	5100000015	https://www.bleague.jp/roster_detail/?PlayerID=5100000015
2891	福井ブローウィンズ	2	モサク ダミロラ	Damilola Mosaku	193	51000150	https://www.bleague.jp/roster_detail/?PlayerID=51000150
2891	福井ブローウィンズ	4	ライアン・ケリー	Ryan Kelly	211	18398	https://www.bleague.jp/roster_detail/?PlayerID=18398
2891	福井ブローウィンズ	10	ヒシグバータル・オーギル	Orgil Khishigbaatar	203	51000579	https://www.bleague.jp/roster_detail/?PlayerID=51000579
2891	福井ブローウィンズ	11	内藤 英真	Eishin Naito	182	51000471	https://www.bleague.jp/roster_detail/?PlayerID=51000471
2891	福井ブローウィンズ	12	西野 曜	Yo Nishino	199	30468	https://www.bleague.jp/roster_detail/?PlayerID=30468
2891	福井ブローウィンズ	13	川島 聖那	Sena Kawashima	187	51000115	https://www.bleague.jp/roster_detail/?PlayerID=51000115
2891	福井ブローウィンズ	15	坂口 大和	Yamato Sakaguchi	184	51000580	https://www.bleague.jp/roster_detail/?PlayerID=51000580
2891	福井ブローウィンズ	18	藤澤 尚之	Naoyuki Fujisawa	172	5100000019	https://www.bleague.jp/roster_detail/?PlayerID=5100000019
2891	福井ブローウィンズ	21	満田 丈太郎	Jotaro Mitsuda	188	10844	https://www.bleague.jp/roster_detail/?PlayerID=10844
2891	福井ブローウィンズ	22	小阪 彰久	Akihisa Kosaka	198	9283	https://www.bleague.jp/roster_detail/?PlayerID=9283
2891	福井ブローウィンズ	24	トビン マーカス海舟	Marcus KaishuTobin	198	5100000087	https://www.bleague.jp/roster_detail/?PlayerID=5100000087
2891	福井ブローウィンズ	25	ラポラス・アイヴァナーカス	Rapolas Ivanauskas	208	51000272	https://www.bleague.jp/roster_detail/?PlayerID=51000272
2891	福井ブローウィンズ	30	ペリー・エリス	Perry Ellis	202	22522	https://www.bleague.jp/roster_detail/?PlayerID=22522
2891	福井ブローウィンズ	73	田渡 修人	Shuto Tawatari	185	8571	https://www.bleague.jp/roster_detail/?PlayerID=8571
2891	福井ブローウィンズ	0	細谷 将司	Masashi Hosoya	173	8712	https://www.bleague.jp/roster_detail/?PlayerID=8712
692	仙台89ERS	3	岡島 和真	Kazuma Okajima	171	51000133	https://www.bleague.jp/roster_detail/?PlayerID=51000133
692	仙台89ERS	7	船生 誠也	Seiya Funyu	195	8737	https://www.bleague.jp/roster_detail/?PlayerID=8737
692	仙台89ERS	8	ジャレット・カルバー	Jarrett Culver	198	51000531	https://www.bleague.jp/roster_detail/?PlayerID=51000531
692	仙台89ERS	9	セルジオ・エル ダーウィッチ	SergioEl Darwich	194	51000530	https://www.bleague.jp/roster_detail/?PlayerID=51000530
692	仙台89ERS	11	荒谷 裕秀	Hirohide Araya	189	5100000012	https://www.bleague.jp/roster_detail/?PlayerID=5100000012
692	仙台89ERS	14	杉浦 佑成	Yusei Sugiura	196	10820	https://www.bleague.jp/roster_detail/?PlayerID=10820
692	仙台89ERS	15	渡辺 翔太	Shota Watanabe	168	30526	https://www.bleague.jp/roster_detail/?PlayerID=30526
692	仙台89ERS	21	ブーバカー・トゥーレ	Boubacar Toure	213	51000532	https://www.bleague.jp/roster_detail/?PlayerID=51000532
692	仙台89ERS	23	半澤 凌太	Ryota Hanzawa	192	15834	https://www.bleague.jp/roster_detail/?PlayerID=15834
692	仙台89ERS	24	新沼 康生	Kosei Niinuma	194	51000445	https://www.bleague.jp/roster_detail/?PlayerID=51000445
692	仙台89ERS	45	ネイサン・ブース	Nathan Boothe	208	51000144	https://www.bleague.jp/roster_detail/?PlayerID=51000144
692	仙台89ERS	75	井上 宗一郎	Soichiro Inoue	201	15815	https://www.bleague.jp/roster_detail/?PlayerID=15815
692	仙台89ERS	77	丹野 路和	Rowa Tanno	176	55000971	https://www.bleague.jp/roster_detail/?PlayerID=55000971
692	仙台89ERS	96	阿部 真冴橙	Masato Abe	181	51000342	https://www.bleague.jp/roster_detail/?PlayerID=51000342
693	秋田ノーザンハピネッツ	1	ジャメール・マクリーン	Jamel Mclean	203	30515	https://www.bleague.jp/roster_detail/?PlayerID=30515
693	秋田ノーザンハピネッツ	2	栗原 翼	Tsubasa Kurihara	182	30397	https://www.bleague.jp/roster_detail/?PlayerID=30397
693	秋田ノーザンハピネッツ	5	田口 成浩	Shigehiro Taguchi	184	8468	https://www.bleague.jp/roster_detail/?PlayerID=8468
693	秋田ノーザンハピネッツ	6	赤穂 雷太	Raita Akaho	196	30465	https://www.bleague.jp/roster_detail/?PlayerID=30465
693	秋田ノーザンハピネッツ	10	ヤニー・ウェッツェル	Yanni Wetzell	208	51000521	https://www.bleague.jp/roster_detail/?PlayerID=51000521
693	秋田ノーザンハピネッツ	11	内藤 晴樹	Haruki Naito	187	51000451	https://www.bleague.jp/roster_detail/?PlayerID=51000451
693	秋田ノーザンハピネッツ	12	元田 大陽	Taiyo Motoda	189	51000361	https://www.bleague.jp/roster_detail/?PlayerID=51000361
693	秋田ノーザンハピネッツ	13	小川 瑛次郎	Eijiro Ogawa	186	55000123	https://www.bleague.jp/roster_detail/?PlayerID=55000123
693	秋田ノーザンハピネッツ	14	菅原 暉	Teru Sugawara	183	32953	https://www.bleague.jp/roster_detail/?PlayerID=32953
693	秋田ノーザンハピネッツ	15	タナー・ライスナー	Tanner Leissner	201	51000335	https://www.bleague.jp/roster_detail/?PlayerID=51000335
693	秋田ノーザンハピネッツ	17	中山 拓哉	Takuya Nakayama	182	10848	https://www.bleague.jp/roster_detail/?PlayerID=10848
693	秋田ノーザンハピネッツ	22	アリ・メザー	Ali Mezher	182	51000522	https://www.bleague.jp/roster_detail/?PlayerID=51000522
693	秋田ノーザンハピネッツ	24	髙比良 寛治	Kanji Takahira	183	12605	https://www.bleague.jp/roster_detail/?PlayerID=12605
693	秋田ノーザンハピネッツ	25	キアヌ・ピンダー	Keanu Pinder	210	51000523	https://www.bleague.jp/roster_detail/?PlayerID=51000523
693	秋田ノーザンハピネッツ	77	土屋 アリスター時生	Alistair TokioTsuchiya	201	10258	https://www.bleague.jp/roster_detail/?PlayerID=10258
694	横浜ビー・コルセアーズ	3	安藤 誓哉	Seiya Ando	181	8467	https://www.bleague.jp/roster_detail/?PlayerID=8467
694	横浜ビー・コルセアーズ	4	ダミアン・イングリス	Damien Inglis	204	51000412	https://www.bleague.jp/roster_detail/?PlayerID=51000412
694	横浜ビー・コルセアーズ	6	新井 楽人	Gakuto Arai	190	51000591	https://www.bleague.jp/roster_detail/?PlayerID=51000591
694	横浜ビー・コルセアーズ	7	谷口 光貴	Hiroki Taniguchi	190	8488	https://www.bleague.jp/roster_detail/?PlayerID=8488
694	横浜ビー・コルセアーズ	8	ゲイリー・クラーク	Gary Clark	200	51000406	https://www.bleague.jp/roster_detail/?PlayerID=51000406
694	横浜ビー・コルセアーズ	10	前野 幹太	Kanta Maeno	194	51000468	https://www.bleague.jp/roster_detail/?PlayerID=51000468
694	横浜ビー・コルセアーズ	11	佐藤 凪	Nagi Sato	176	51000577	https://www.bleague.jp/roster_detail/?PlayerID=51000577
694	横浜ビー・コルセアーズ	15	キーファー・ラベナ	Kiefer Ravena	183	5100000062	https://www.bleague.jp/roster_detail/?PlayerID=5100000062
694	横浜ビー・コルセアーズ	18	森井 健太	Kenta Morii	178	10851	https://www.bleague.jp/roster_detail/?PlayerID=10851
694	横浜ビー・コルセアーズ	21	マイク・コッツァー	Maik Kotsar	209	51000394	https://www.bleague.jp/roster_detail/?PlayerID=51000394
694	横浜ビー・コルセアーズ	23	キング 開	Kai King	185	5100000024	https://www.bleague.jp/roster_detail/?PlayerID=5100000024
694	横浜ビー・コルセアーズ	24	松崎 裕樹	Hiroki Matsuzaki	192	51000227	https://www.bleague.jp/roster_detail/?PlayerID=51000227
694	横浜ビー・コルセアーズ	25	ケーレブ・ターズースキー	Kaleb Tarczewski	212	51000173	https://www.bleague.jp/roster_detail/?PlayerID=51000173
694	横浜ビー・コルセアーズ	30	須藤 昂矢	Koya Sudo	186	32956	https://www.bleague.jp/roster_detail/?PlayerID=32956
694	横浜ビー・コルセアーズ	51	兪 龍海	Tatsumi Yu	197	5100000025	https://www.bleague.jp/roster_detail/?PlayerID=5100000025
694	横浜ビー・コルセアーズ	77	江原 行佐	Isa Ehara	194	51000553	https://www.bleague.jp/roster_detail/?PlayerID=51000553
696	富山グラウジーズ	2	藤永 佳昭	Yoshiaki Fujinaga	175	8736	https://www.bleague.jp/roster_detail/?PlayerID=8736
696	富山グラウジーズ	3	岡田 雄三	Yuzo Okada	181	15752	https://www.bleague.jp/roster_detail/?PlayerID=15752
696	富山グラウジーズ	6	ウィリアムス ニカ	Nyika Williams	203	9345	https://www.bleague.jp/roster_detail/?PlayerID=9345
696	富山グラウジーズ	7	宮本 一樹	Kazuki Miyamoto	196	51000118	https://www.bleague.jp/roster_detail/?PlayerID=51000118
696	富山グラウジーズ	8	トレイ・ケル	Trey Kell	193	51000524	https://www.bleague.jp/roster_detail/?PlayerID=51000524
696	富山グラウジーズ	9	水戸 健史	Takeshi Mito	185	8501	https://www.bleague.jp/roster_detail/?PlayerID=8501
696	富山グラウジーズ	11	宇都 直輝	Naoki Uto	191	8503	https://www.bleague.jp/roster_detail/?PlayerID=8503
696	富山グラウジーズ	12	ブロック・モータム	Brock Motum	208	51000158	https://www.bleague.jp/roster_detail/?PlayerID=51000158
696	富山グラウジーズ	13	マシュー・アキノ	Matthew Aquino	205	51000104	https://www.bleague.jp/roster_detail/?PlayerID=51000104
696	富山グラウジーズ	14	泉 登翔	Towa Izumi	190	51000464	https://www.bleague.jp/roster_detail/?PlayerID=51000464
696	富山グラウジーズ	17	田中 晴瑛	Haruaki Tanaka	178	51000435	https://www.bleague.jp/roster_detail/?PlayerID=51000435
696	富山グラウジーズ	21	鎌田 隼	Hayato Kamata	195	51000155	https://www.bleague.jp/roster_detail/?PlayerID=51000155
696	富山グラウジーズ	24	ヤニス・モラン	Yannis Morin	208	51000390	https://www.bleague.jp/roster_detail/?PlayerID=51000390
696	富山グラウジーズ	25	葛原 大智	Daichi Kuzuhara	189	15818	https://www.bleague.jp/roster_detail/?PlayerID=15818
696	富山グラウジーズ	28	野﨑 由之	Yoshiyuki Nozaki	183	51000136	https://www.bleague.jp/roster_detail/?PlayerID=51000136
697	三遠ネオフェニックス	1	ヤンテ・メイテン	Yante Maten	201	51000160	https://www.bleague.jp/roster_detail/?PlayerID=51000160
697	三遠ネオフェニックス	2	デイビッド・ヌワバ	David Nwaba	196	51000416	https://www.bleague.jp/roster_detail/?PlayerID=51000416
697	三遠ネオフェニックス	5	大浦 颯太	Sota Oura	182	30513	https://www.bleague.jp/roster_detail/?PlayerID=30513
697	三遠ネオフェニックス	7	キャメロン・ジャクソン	Cameron Jackson	203	51000319	https://www.bleague.jp/roster_detail/?PlayerID=51000319
697	三遠ネオフェニックス	10	吉井 裕鷹	Hirotaka Yoshii	196	20021	https://www.bleague.jp/roster_detail/?PlayerID=20021
697	三遠ネオフェニックス	11	浅井 英矢	Hideya Asai	197	51000481	https://www.bleague.jp/roster_detail/?PlayerID=51000481
697	三遠ネオフェニックス	14	湧川 颯斗	Hayato Wakugawa	197	51000236	https://www.bleague.jp/roster_detail/?PlayerID=51000236
697	三遠ネオフェニックス	15	河田 チリジ	Tshilidzi Kawata	208	9369	https://www.bleague.jp/roster_detail/?PlayerID=9369
697	三遠ネオフェニックス	20	根本 大	Dai Nemoto	180	51000454	https://www.bleague.jp/roster_detail/?PlayerID=51000454
697	三遠ネオフェニックス	21	鈴木 悠介	Yusuke Suzuki	200	30522	https://www.bleague.jp/roster_detail/?PlayerID=30522
697	三遠ネオフェニックス	24	佐々木 隆成	Ryusei Sasaki	180	20037	https://www.bleague.jp/roster_detail/?PlayerID=20037
697	三遠ネオフェニックス	28	津屋 一球	Kazuma Tsuya	191	5100000011	https://www.bleague.jp/roster_detail/?PlayerID=5100000011
697	三遠ネオフェニックス	33	児玉 ジュニア	Junior Kodama	178	51000552	https://www.bleague.jp/roster_detail/?PlayerID=51000552
698	滋賀レイクス	2	岩下 准平	Junpei Iwashita	180	51000586	https://www.bleague.jp/roster_detail/?PlayerID=51000586
698	滋賀レイクス	4	ライアン・クリーナー	Ryan Kriener	208	51000101	https://www.bleague.jp/roster_detail/?PlayerID=51000101
698	滋賀レイクス	6	岡田 泰希	Taiki Okada	176	22401	https://www.bleague.jp/roster_detail/?PlayerID=22401
698	滋賀レイクス	7	游 艾喆	Ai-Che Yu	180	51000382	https://www.bleague.jp/roster_detail/?PlayerID=51000382
698	滋賀レイクス	13	坂井 レオ	Leo Sakai	195	8537	https://www.bleague.jp/roster_detail/?PlayerID=8537
698	滋賀レイクス	14	西田 陽成	Yosei Nishida	185	51000470	https://www.bleague.jp/roster_detail/?PlayerID=51000470
698	滋賀レイクス	15	梶原 悠真	Yuma Kajiwara	180	55000970	https://www.bleague.jp/roster_detail/?PlayerID=55000970
698	滋賀レイクス	16	野本 大智	Daichi Nomoto	183	5100000028	https://www.bleague.jp/roster_detail/?PlayerID=5100000028
698	滋賀レイクス	17	常田 耕平	Kohei Tsuneta	186	5100000040	https://www.bleague.jp/roster_detail/?PlayerID=5100000040
698	滋賀レイクス	20	トーマス・ウィンブッシュ	Thomas Wimbush	201	51000292	https://www.bleague.jp/roster_detail/?PlayerID=51000292
698	滋賀レイクス	21	田原 隆徳	Takanori Tahara	181	10297	https://www.bleague.jp/roster_detail/?PlayerID=10297
698	滋賀レイクス	22	市岡 ショーン	Sean Ichioka	198	8597	https://www.bleague.jp/roster_detail/?PlayerID=8597
698	滋賀レイクス	25	江原 信太朗	Shintaro Ehara	192	51000343	https://www.bleague.jp/roster_detail/?PlayerID=51000343
698	滋賀レイクス	34	長谷川 比源	Higen Hasegawa	202	51000452	https://www.bleague.jp/roster_detail/?PlayerID=51000452
698	滋賀レイクス	0	ザック・オーガスト	Zach Auguste	208	51000312	https://www.bleague.jp/roster_detail/?PlayerID=51000312
699	京都ハンナリーズ	3	澁田 怜音	Leon Shibuta	176	10832	https://www.bleague.jp/roster_detail/?PlayerID=10832
699	京都ハンナリーズ	7	西部 秀馬	Shuma Nishibe	189	51000585	https://www.bleague.jp/roster_detail/?PlayerID=51000585
699	京都ハンナリーズ	10	チャールズ・ジャクソン	Charles Jackson	208	26922	https://www.bleague.jp/roster_detail/?PlayerID=26922
699	京都ハンナリーズ	12	小川 麻斗	Asato Ogawa	176	5100000033	https://www.bleague.jp/roster_detail/?PlayerID=5100000033
699	京都ハンナリーズ	13	前田 悟	Satoru Maeta	192	20024	https://www.bleague.jp/roster_detail/?PlayerID=20024
699	京都ハンナリーズ	15	川嶋 勇人	Hayato Kawashima	186	8727	https://www.bleague.jp/roster_detail/?PlayerID=8727
699	京都ハンナリーズ	16	渡辺 竜之佑	Ryunosuke Watanabe	189	9329	https://www.bleague.jp/roster_detail/?PlayerID=9329
699	京都ハンナリーズ	24	ラシード ファラーズ	Faraz Rashid	202	30521	https://www.bleague.jp/roster_detail/?PlayerID=30521
699	京都ハンナリーズ	32	アンジェロ・カロイアロ	Angelo Caloiaro	203	51000269	https://www.bleague.jp/roster_detail/?PlayerID=51000269
699	京都ハンナリーズ	33	アイラ・ブラウン	Ira Brown	193	8452	https://www.bleague.jp/roster_detail/?PlayerID=8452
699	京都ハンナリーズ	35	ジョーダン・ヒース	Jordan Heath	210	26874	https://www.bleague.jp/roster_detail/?PlayerID=26874
699	京都ハンナリーズ	39	ホール 百音 アレックス	Mone AlexHall	190	26926	https://www.bleague.jp/roster_detail/?PlayerID=26926
699	京都ハンナリーズ	51	古川 孝敏	Takatoshi Furukawa	190	8500	https://www.bleague.jp/roster_detail/?PlayerID=8500
699	京都ハンナリーズ	0	小野 龍猛	Ryumo Ono	197	8585	https://www.bleague.jp/roster_detail/?PlayerID=8585
700	大阪エヴェッサ	1	レイ・パークスジュニア	RayParks Jr.	193	5100000069	https://www.bleague.jp/roster_detail/?PlayerID=5100000069
700	大阪エヴェッサ	4	青木 保憲	Yasunori Aoki	182	15817	https://www.bleague.jp/roster_detail/?PlayerID=15817
700	大阪エヴェッサ	5	マット・ボンズ	Matt Bonds	196	26886	https://www.bleague.jp/roster_detail/?PlayerID=26886
700	大阪エヴェッサ	7	高橋 快成	Kaisei Takahashi	176	51000188	https://www.bleague.jp/roster_detail/?PlayerID=51000188
700	大阪エヴェッサ	8	植松 義也	Yoshiya Uematsu	190	5100000030	https://www.bleague.jp/roster_detail/?PlayerID=5100000030
700	大阪エヴェッサ	11	ライアン・ルーサー	Ryan Luther	204	51000396	https://www.bleague.jp/roster_detail/?PlayerID=51000396
700	大阪エヴェッサ	15	竹内 譲次	Joji Takeuchi	207	9033	https://www.bleague.jp/roster_detail/?PlayerID=9033
700	大阪エヴェッサ	20	合田 怜	Rei Goda	183	8690	https://www.bleague.jp/roster_detail/?PlayerID=8690
700	大阪エヴェッサ	23	シリル・ニースミス	CyrilNesmith II	206	49996	https://www.bleague.jp/roster_detail/?PlayerID=49996
700	大阪エヴェッサ	31	木下 誠	Makoto Kinoshita	185	20034	https://www.bleague.jp/roster_detail/?PlayerID=20034
700	大阪エヴェッサ	35	鈴木 達也	Tatsuya Suzuki	169	8568	https://www.bleague.jp/roster_detail/?PlayerID=8568
700	大阪エヴェッサ	51	浅井 弘士郎	Koshiro Asai	188	51000566	https://www.bleague.jp/roster_detail/?PlayerID=51000566
700	大阪エヴェッサ	52	ヴォーディミル・ゲルン	Volodymyr Gerun	208	51000294	https://www.bleague.jp/roster_detail/?PlayerID=51000294
700	大阪エヴェッサ	60	坂本 聖芽	Seiga Sakamoto	182	5100000027	https://www.bleague.jp/roster_detail/?PlayerID=5100000027
700	大阪エヴェッサ	88	牧 隼利	Hayato Maki	188	30398	https://www.bleague.jp/roster_detail/?PlayerID=30398
701	琉球ゴールデンキングス	2	小針 幸也	Koya Kobari	172	51000252	https://www.bleague.jp/roster_detail/?PlayerID=51000252
701	琉球ゴールデンキングス	4	ヴィック・ロー	Vic Law	201	51000166	https://www.bleague.jp/roster_detail/?PlayerID=51000166
701	琉球ゴールデンキングス	8	佐土原 遼	Ryo Sadohara	192	5100000014	https://www.bleague.jp/roster_detail/?PlayerID=5100000014
701	琉球ゴールデンキングス	10	荒川 颯	Hayate Arakawa	182	30458	https://www.bleague.jp/roster_detail/?PlayerID=30458
701	琉球ゴールデンキングス	14	岸本 隆一	Ryuichi Kishimoto	176	8655	https://www.bleague.jp/roster_detail/?PlayerID=8655
701	琉球ゴールデンキングス	15	松脇 圭志	Yoshiyuki Matsuwaki	185	30434	https://www.bleague.jp/roster_detail/?PlayerID=30434
701	琉球ゴールデンキングス	17	崎濱 秀斗	Shuto Sakihama	178	51000486	https://www.bleague.jp/roster_detail/?PlayerID=51000486
701	琉球ゴールデンキングス	18	脇 真大	Masahiro Waki	193	51000116	https://www.bleague.jp/roster_detail/?PlayerID=51000116
701	琉球ゴールデンキングス	21	デイミアン・ドットソン	Damyean Dotson	196	51000561	https://www.bleague.jp/roster_detail/?PlayerID=51000561
701	琉球ゴールデンキングス	27	ウィタカ ケンタ	Kenta Whitaker	202	30443	https://www.bleague.jp/roster_detail/?PlayerID=30443
701	琉球ゴールデンキングス	34	小野寺 祥太	Shota Onodera	182	8756	https://www.bleague.jp/roster_detail/?PlayerID=8756
701	琉球ゴールデンキングス	45	ジャック・クーリー	Jack Cooley	206	26914	https://www.bleague.jp/roster_detail/?PlayerID=26914
701	琉球ゴールデンキングス	47	平良 彰吾	Shogo Taira	170	30459	https://www.bleague.jp/roster_detail/?PlayerID=30459
701	琉球ゴールデンキングス	53	アレックス・カーク	Alex Kirk	211	12582	https://www.bleague.jp/roster_detail/?PlayerID=12582
701	琉球ゴールデンキングス	77	佐取 龍之介	Ryunosuke Satori	187	55000567	https://www.bleague.jp/roster_detail/?PlayerID=55000567
702	レバンガ北海道	1	関野 剛平	Kohei Sekino	183	10850	https://www.bleague.jp/roster_detail/?PlayerID=10850
702	レバンガ北海道	2	ドワイト・ラモス	Dwight Ramos	193	51000102	https://www.bleague.jp/roster_detail/?PlayerID=51000102
702	レバンガ北海道	5	ケビン・ジョーンズ	Kevin Jones	203	20017	https://www.bleague.jp/roster_detail/?PlayerID=20017
702	レバンガ北海道	6	菊地 広人	Hiroto Kikuchi	178	51000350	https://www.bleague.jp/roster_detail/?PlayerID=51000350
702	レバンガ北海道	8	木林 優	Yu Kibayashi	200	51000349	https://www.bleague.jp/roster_detail/?PlayerID=51000349
702	レバンガ北海道	12	市場 脩斗	Shuto Ichiba	187	51000446	https://www.bleague.jp/roster_detail/?PlayerID=51000446
702	レバンガ北海道	14	星野 京介	Kyosuke Hoshino	184	51000108	https://www.bleague.jp/roster_detail/?PlayerID=51000108
702	レバンガ北海道	15	島谷 怜	Ren Shimatani	175	51000234	https://www.bleague.jp/roster_detail/?PlayerID=51000234
702	レバンガ北海道	18	内藤 耀悠	Teruchika Naito	191	51000202	https://www.bleague.jp/roster_detail/?PlayerID=51000202
702	レバンガ北海道	19	安藤 煌太朗	Kotaro Ando	182	55000966	https://www.bleague.jp/roster_detail/?PlayerID=55000966
702	レバンガ北海道	20	ジョーダン・ナタイ	Jordan Ngatai	196	52433	https://www.bleague.jp/roster_detail/?PlayerID=52433
702	レバンガ北海道	21	ジョン・ハーラー	John Harrar	205	51000296	https://www.bleague.jp/roster_detail/?PlayerID=51000296
702	レバンガ北海道	22	ジャリル・オカフォー	Jahlil Okafor	211	51000514	https://www.bleague.jp/roster_detail/?PlayerID=51000514
702	レバンガ北海道	30	富永 啓生	Keisei Tominaga	188	19755	https://www.bleague.jp/roster_detail/?PlayerID=19755
702	レバンガ北海道	34	盛實 海翔	Kaito Morizane	187	19998	https://www.bleague.jp/roster_detail/?PlayerID=19998
702	レバンガ北海道	40	西村 優真	Yuma Nishimura	182	55000589	https://www.bleague.jp/roster_detail/?PlayerID=55000589
703	宇都宮ブレックス	6	比江島 慎	Makoto Hiejima	191	8589	https://www.bleague.jp/roster_detail/?PlayerID=8589
703	宇都宮ブレックス	7	小川 敦也	Atsuya Ogawa	190	51000228	https://www.bleague.jp/roster_detail/?PlayerID=51000228
703	宇都宮ブレックス	9	遠藤 祐亮	Yusuke Endo	186	8497	https://www.bleague.jp/roster_detail/?PlayerID=8497
703	宇都宮ブレックス	10	竹内 公輔	Kosuke Takeuchi	206	8726	https://www.bleague.jp/roster_detail/?PlayerID=8726
703	宇都宮ブレックス	11	青木 ブレイク	Blake Aoki	205	10885	https://www.bleague.jp/roster_detail/?PlayerID=10885
703	宇都宮ブレックス	12	高島 紳司	Shinji Takashima	191	5100000036	https://www.bleague.jp/roster_detail/?PlayerID=5100000036
703	宇都宮ブレックス	13	渡邉 裕規	Hironori Watanabe	180	8499	https://www.bleague.jp/roster_detail/?PlayerID=8499
703	宇都宮ブレックス	17	星川 開聖	Kaisei Hoshikawa	194	51000461	https://www.bleague.jp/roster_detail/?PlayerID=51000461
703	宇都宮ブレックス	18	鵤 誠司	Seiji Ikaruga	185	8529	https://www.bleague.jp/roster_detail/?PlayerID=8529
703	宇都宮ブレックス	21	松本 秦	Shin Matsumoto	191	51000562	https://www.bleague.jp/roster_detail/?PlayerID=51000562
703	宇都宮ブレックス	25	D.J・ニュービル	D.J.Newbill	193	33085	https://www.bleague.jp/roster_detail/?PlayerID=33085
703	宇都宮ブレックス	33	ギャビン・エドワーズ	Gavin Edwards	206	8593	https://www.bleague.jp/roster_detail/?PlayerID=8593
703	宇都宮ブレックス	34	グラント・ジェレット	Grant Jerrett	208	18430	https://www.bleague.jp/roster_detail/?PlayerID=18430
703	宇都宮ブレックス	42	アイザック・フォトゥ	Isaac Fotu	203	5100000081	https://www.bleague.jp/roster_detail/?PlayerID=5100000081
703	宇都宮ブレックス	0	田臥 勇太	Yuta Tabuse	173	8650	https://www.bleague.jp/roster_detail/?PlayerID=8650
704	千葉ジェッツ	1	渡邊 雄太	Yuta Watanabe	206	51000428	https://www.bleague.jp/roster_detail/?PlayerID=51000428
704	千葉ジェッツ	2	富樫 勇樹	Yuki Togashi	167	9055	https://www.bleague.jp/roster_detail/?PlayerID=9055
704	千葉ジェッツ	4	田代 直希	Naoki Tashiro	188	8656	https://www.bleague.jp/roster_detail/?PlayerID=8656
704	千葉ジェッツ	5	瀬川 琉久	Riku Segawa	185	51000467	https://www.bleague.jp/roster_detail/?PlayerID=51000467
704	千葉ジェッツ	6	菅野 ブルース	Bruce Kanno	200	51000431	https://www.bleague.jp/roster_detail/?PlayerID=51000431
704	千葉ジェッツ	7	マイケル・オウ	Michael Ou	208	51000429	https://www.bleague.jp/roster_detail/?PlayerID=51000429
704	千葉ジェッツ	8	ナシール・リトル	Nassir Little	199	51000517	https://www.bleague.jp/roster_detail/?PlayerID=51000517
704	千葉ジェッツ	9	二上 耀	Hikaru Futagami	190	51000112	https://www.bleague.jp/roster_detail/?PlayerID=51000112
704	千葉ジェッツ	10	ディー・ジェイ・ホグ	D.J.Hogg	207	51000430	https://www.bleague.jp/roster_detail/?PlayerID=51000430
704	千葉ジェッツ	11	西村 文男	Fumio Nishimura	177	8580	https://www.bleague.jp/roster_detail/?PlayerID=8580
704	千葉ジェッツ	12	金近 廉	Ren Kanechika	197	51000267	https://www.bleague.jp/roster_detail/?PlayerID=51000267
704	千葉ジェッツ	13	深水 虎太郎	Kotaro Fukami	187	51000564	https://www.bleague.jp/roster_detail/?PlayerID=51000564
704	千葉ジェッツ	25	荒尾 岳	Gaku Arao	198	8582	https://www.bleague.jp/roster_detail/?PlayerID=8582
704	千葉ジェッツ	31	原 修太	Shuta Hara	187	8584	https://www.bleague.jp/roster_detail/?PlayerID=8584
704	千葉ジェッツ	33	ジョン・ムーニー	John Mooney	206	5100000054	https://www.bleague.jp/roster_detail/?PlayerID=5100000054
704	千葉ジェッツ	34	ジェフ・ギブス	Jeff Gibbs	188	8835	https://www.bleague.jp/roster_detail/?PlayerID=8835
704	千葉ジェッツ	42	クエンティン・ミロラ・ブラウン	Quentin Millora-Brown	208	51000576	https://www.bleague.jp/roster_detail/?PlayerID=51000576
704	千葉ジェッツ	44	加藤 ダニエル	Daniel Kato	204	51000518	https://www.bleague.jp/roster_detail/?PlayerID=51000518
706	アルバルク東京	2	大倉 颯太	Sota Okura	185	30351	https://www.bleague.jp/roster_detail/?PlayerID=30351
706	アルバルク東京	3	テーブス 海	Kai Toews	188	30438	https://www.bleague.jp/roster_detail/?PlayerID=30438
706	アルバルク東京	5	中村 浩陸	Hiromu Nakamura	177	30349	https://www.bleague.jp/roster_detail/?PlayerID=30349
706	アルバルク東京	9	安藤 周人	Shuto Ando	190	10815	https://www.bleague.jp/roster_detail/?PlayerID=10815
706	アルバルク東京	10	ザック・バランスキー	Zack Baranski	193	9031	https://www.bleague.jp/roster_detail/?PlayerID=9031
706	アルバルク東京	11	セバスチャン・サイズ	Sebastian Saiz	205	26921	https://www.bleague.jp/roster_detail/?PlayerID=26921
706	アルバルク東京	13	菊地 祥平	Shohei Kikuchi	191	9032	https://www.bleague.jp/roster_detail/?PlayerID=9032
706	アルバルク東京	17	マーカス・フォスター	Marcus Foster	191	51000509	https://www.bleague.jp/roster_detail/?PlayerID=51000509
706	アルバルク東京	21	平岩 玄	Gen Hiraiwa	200	15838	https://www.bleague.jp/roster_detail/?PlayerID=15838
706	アルバルク東京	22	ライアン・ロシター	Ryan Rossiter	206	8649	https://www.bleague.jp/roster_detail/?PlayerID=8649
706	アルバルク東京	25	福澤 晃平	Kohei Fukuzawa	177	9044	https://www.bleague.jp/roster_detail/?PlayerID=9044
706	アルバルク東京	60	チェイス・フィーラー	Chase Fieler	203	5100000079	https://www.bleague.jp/roster_detail/?PlayerID=5100000079
706	アルバルク東京	75	小酒部 泰暉	Taiki Osakabe	187	30348	https://www.bleague.jp/roster_detail/?PlayerID=30348
706	アルバルク東京	0	ブランドン・デイヴィス	Brandon Davies	208	51000490	https://www.bleague.jp/roster_detail/?PlayerID=51000490
708	青森ワッツ	1	ラシャード・ケリー	Rashard Kelly	203	51000405	https://www.bleague.jp/roster_detail/?PlayerID=51000405
708	青森ワッツ	2	鍋田 憲伸	Kenshin Nabeta	182	51000571	https://www.bleague.jp/roster_detail/?PlayerID=51000571
708	青森ワッツ	3	ティム・ダルガー	Tim Dalger	201	51000492	https://www.bleague.jp/roster_detail/?PlayerID=51000492
708	青森ワッツ	7	ワン ウェイジャ	Weijia Wang	198	5100000041	https://www.bleague.jp/roster_detail/?PlayerID=5100000041
708	青森ワッツ	11	岡部 雅大	Masahiro Okabe	184	51000388	https://www.bleague.jp/roster_detail/?PlayerID=51000388
708	青森ワッツ	17	浅井 修伍	Shugo Asai	198	51000235	https://www.bleague.jp/roster_detail/?PlayerID=51000235
708	青森ワッツ	20	山田 哲汰	Tetta Yamada	188	51000572	https://www.bleague.jp/roster_detail/?PlayerID=51000572
708	青森ワッツ	22	マックス・ヒサタケ	Max Hisatake	203	51000100	https://www.bleague.jp/roster_detail/?PlayerID=51000100
708	青森ワッツ	24	鍵冨 太雅	Taiga Kagitomi	195	51000167	https://www.bleague.jp/roster_detail/?PlayerID=51000167
708	青森ワッツ	25	ミサカボ ベニ	Beni Misakabo	190	42555	https://www.bleague.jp/roster_detail/?PlayerID=42555
708	青森ワッツ	55	大髙 祐哉	Yuya Otaka	175	51000381	https://www.bleague.jp/roster_detail/?PlayerID=51000381
708	青森ワッツ	56	小室 昂大	Takahiro Komuro	190	51000109	https://www.bleague.jp/roster_detail/?PlayerID=51000109
708	青森ワッツ	75	神里 和	Nagomu Kamizato	170	15855	https://www.bleague.jp/roster_detail/?PlayerID=15855
708	青森ワッツ	91	寺嶋 恭之介	Kyonosuke Terashima	179	32985	https://www.bleague.jp/roster_detail/?PlayerID=32985
709	岩手ビッグブルズ	1	後藤 翔平	Shohei Goto	180	9264	https://www.bleague.jp/roster_detail/?PlayerID=9264
709	岩手ビッグブルズ	2	石川 晴道	Harumichi Ishikawa	170	39533	https://www.bleague.jp/roster_detail/?PlayerID=39533
709	岩手ビッグブルズ	4	ノア・ガーリー	Noah Gurley	203	51000534	https://www.bleague.jp/roster_detail/?PlayerID=51000534
709	岩手ビッグブルズ	6	山際 爽吾	Sogo Yamagiwa	180	49493	https://www.bleague.jp/roster_detail/?PlayerID=49493
709	岩手ビッグブルズ	7	中野 友都	Yuto Nakano	185	51000223	https://www.bleague.jp/roster_detail/?PlayerID=51000223
709	岩手ビッグブルズ	8	山崎 凜	Rin Yamazaki	194	51000190	https://www.bleague.jp/roster_detail/?PlayerID=51000190
709	岩手ビッグブルズ	10	仁平 拓海	Takumi Nihira	191	10881	https://www.bleague.jp/roster_detail/?PlayerID=10881
709	岩手ビッグブルズ	15	マルコ・テヒチ	Marko Tejic	211	51000535	https://www.bleague.jp/roster_detail/?PlayerID=51000535
709	岩手ビッグブルズ	18	佐伯 崚介	Ryosuke Saeki	185	51000594	https://www.bleague.jp/roster_detail/?PlayerID=51000594
709	岩手ビッグブルズ	22	門馬 圭二郎	Keijiro Monma	185	10877	https://www.bleague.jp/roster_detail/?PlayerID=10877
709	岩手ビッグブルズ	30	平良 宗龍	Shutatsu Taira	182	55000079	https://www.bleague.jp/roster_detail/?PlayerID=55000079
709	岩手ビッグブルズ	31	吉田 龍空	Riku Yoshida	192	51000565	https://www.bleague.jp/roster_detail/?PlayerID=51000565
709	岩手ビッグブルズ	32	臼井 弘樹	Hiroki Usui	193	18170	https://www.bleague.jp/roster_detail/?PlayerID=18170
709	岩手ビッグブルズ	61	クレイ・マウンス	Clay Mounce	201	46257	https://www.bleague.jp/roster_detail/?PlayerID=46257
709	岩手ビッグブルズ	0	関屋 心	Kokoro Sekiya	180	51000330	https://www.bleague.jp/roster_detail/?PlayerID=51000330
710	山形ワイヴァンズ	2	シャキール・ドアソン	Shaquille Doorson	213	51000538	https://www.bleague.jp/roster_detail/?PlayerID=51000538
710	山形ワイヴァンズ	3	ジェームズ・ベル	James Bell	196	51000172	https://www.bleague.jp/roster_detail/?PlayerID=51000172
710	山形ワイヴァンズ	5	石川 裕大	Yudai Ishikawa	176	51000425	https://www.bleague.jp/roster_detail/?PlayerID=51000425
710	山形ワイヴァンズ	6	佐藤 巧	Takumi Sato	195	51000383	https://www.bleague.jp/roster_detail/?PlayerID=51000383
710	山形ワイヴァンズ	7	中田 嵩基	Shuki Nakata	174	51000246	https://www.bleague.jp/roster_detail/?PlayerID=51000246
710	山形ワイヴァンズ	8	村上 慎也	Shinya Murakami	173	8674	https://www.bleague.jp/roster_detail/?PlayerID=8674
710	山形ワイヴァンズ	10	陳岡 燈生	Toi Jingaoka	185	51000373	https://www.bleague.jp/roster_detail/?PlayerID=51000373
710	山形ワイヴァンズ	11	白戸 大聖	Taisei Shirato	183	15832	https://www.bleague.jp/roster_detail/?PlayerID=15832
710	山形ワイヴァンズ	13	阿部 龍星	Ryusei Abe	183	51000097	https://www.bleague.jp/roster_detail/?PlayerID=51000097
710	山形ワイヴァンズ	15	村岡 遥斗	Haruto Muraoka	182	55000575	https://www.bleague.jp/roster_detail/?PlayerID=55000575
710	山形ワイヴァンズ	18	川畑 颯太郎	Sotaro Kawabata	180	51000558	https://www.bleague.jp/roster_detail/?PlayerID=51000558
710	山形ワイヴァンズ	24	広瀬 翔一	Shoichi Hirose	201	49519	https://www.bleague.jp/roster_detail/?PlayerID=49519
710	山形ワイヴァンズ	32	イ・ジョンヒョン	Jonghyun Lee	206	51000555	https://www.bleague.jp/roster_detail/?PlayerID=51000555
710	山形ワイヴァンズ	37	吉田 健太郎	Kentaro Yoshida	173	22393	https://www.bleague.jp/roster_detail/?PlayerID=22393
710	山形ワイヴァンズ	93	ノア・ウォーターマン	Noah Waterman	211	51000537	https://www.bleague.jp/roster_detail/?PlayerID=51000537
711	福島ファイヤーボンズ	1	中野 司	Tsukasa Nakano	185	20031	https://www.bleague.jp/roster_detail/?PlayerID=20031
711	福島ファイヤーボンズ	2	菅野 陸	Riku Sugeno	178	51000351	https://www.bleague.jp/roster_detail/?PlayerID=51000351
711	福島ファイヤーボンズ	3	大久保 友貴	Yuuki Okubo	173	51000507	https://www.bleague.jp/roster_detail/?PlayerID=51000507
711	福島ファイヤーボンズ	5	ジュフ・伴馬	Diouf Bamba	198	12591	https://www.bleague.jp/roster_detail/?PlayerID=12591
711	福島ファイヤーボンズ	7	渡邊 翔太	Shota Watanabe	181	8552	https://www.bleague.jp/roster_detail/?PlayerID=8552
711	福島ファイヤーボンズ	9	新川 敬大	Keita Shinkawa	187	15824	https://www.bleague.jp/roster_detail/?PlayerID=15824
711	福島ファイヤーボンズ	13	笠井 康平	Kohei Kasai	176	18167	https://www.bleague.jp/roster_detail/?PlayerID=18167
711	福島ファイヤーボンズ	14	小川 翔矢	Shoya Ogawa	184	49607	https://www.bleague.jp/roster_detail/?PlayerID=49607
711	福島ファイヤーボンズ	15	パトリック・ガードナー	Patrick Gardner	213	51000505	https://www.bleague.jp/roster_detail/?PlayerID=51000505
711	福島ファイヤーボンズ	20	ワイリー 光希スカイ	Kokisky Wiley	190	51000275	https://www.bleague.jp/roster_detail/?PlayerID=51000275
711	福島ファイヤーボンズ	24	ジャック・ナンジ	Jack Nunge	212	51000506	https://www.bleague.jp/roster_detail/?PlayerID=51000506
711	福島ファイヤーボンズ	34	ジェフ・ギブス	Jeff Gibbs	188	8835	https://www.bleague.jp/roster_detail/?PlayerID=8835
711	福島ファイヤーボンズ	42	益子 拓己	Takumi Masuko	186	51000233	https://www.bleague.jp/roster_detail/?PlayerID=51000233
711	福島ファイヤーボンズ	44	米山 ジャバ 偉生	Eo JavaYoneyama	190	51000251	https://www.bleague.jp/roster_detail/?PlayerID=51000251
711	福島ファイヤーボンズ	55	ケニー・マニゴールト	Kenny Manigault	196	51000508	https://www.bleague.jp/roster_detail/?PlayerID=51000508
712	茨城ロボッツ	1	小島 元基	Genki Kojima	181	8456	https://www.bleague.jp/roster_detail/?PlayerID=8456
712	茨城ロボッツ	3	長谷川 暢	Noboru Hasegawa	175	15829	https://www.bleague.jp/roster_detail/?PlayerID=15829
712	茨城ロボッツ	7	駒沢 颯	Hayate Komasawa	188	5100000032	https://www.bleague.jp/roster_detail/?PlayerID=5100000032
712	茨城ロボッツ	8	タイラー・クック	Tyler Cook	206	51000489	https://www.bleague.jp/roster_detail/?PlayerID=51000489
712	茨城ロボッツ	9	ヤン ジェミン	Jae-Min Yang	201	33036	https://www.bleague.jp/roster_detail/?PlayerID=33036
712	茨城ロボッツ	10	陳岡 流羽	Ru Jingaoka	188	51000479	https://www.bleague.jp/roster_detail/?PlayerID=51000479
712	茨城ロボッツ	12	赤間 賢人	Kento Akama	189	51000583	https://www.bleague.jp/roster_detail/?PlayerID=51000583
712	茨城ロボッツ	13	中村 功平	Kohei Nakamura	182	18845	https://www.bleague.jp/roster_detail/?PlayerID=18845
712	茨城ロボッツ	14	久岡 幸太郎	Kotaro Hisaoka	182	18478	https://www.bleague.jp/roster_detail/?PlayerID=18478
712	茨城ロボッツ	21	エリック・ジェイコブセン	Eric Jacobsen	208	12634	https://www.bleague.jp/roster_detail/?PlayerID=12634
712	茨城ロボッツ	25	平尾 充庸	Atsunobu Hirao	178	8561	https://www.bleague.jp/roster_detail/?PlayerID=8561
712	茨城ロボッツ	29	鶴巻 啓太	Keita Tsurumaki	190	22405	https://www.bleague.jp/roster_detail/?PlayerID=22405
712	茨城ロボッツ	92	村越 圭佑	Keisuke Murakoshi	195	8557	https://www.bleague.jp/roster_detail/?PlayerID=8557
712	茨城ロボッツ	0	ロバート・フランクス	Robert Franks	201	51000277	https://www.bleague.jp/roster_detail/?PlayerID=51000277
713	群馬クレインサンダーズ	1	コー・フリッピン	Koh Flippin	188	22497	https://www.bleague.jp/roster_detail/?PlayerID=22497
713	群馬クレインサンダーズ	4	トレイ・ジョーンズ	Trey Jones	196	18441	https://www.bleague.jp/roster_detail/?PlayerID=18441
713	群馬クレインサンダーズ	6	中村 拓人	Takuto Nakamura	184	5100000023	https://www.bleague.jp/roster_detail/?PlayerID=5100000023
713	群馬クレインサンダーズ	8	ケリー・ブラックシアー・ジュニア	Kerry Blackshear Jr	208	51000145	https://www.bleague.jp/roster_detail/?PlayerID=51000145
713	群馬クレインサンダーズ	9	辻 直人	Naoto Tsuji	185	8487	https://www.bleague.jp/roster_detail/?PlayerID=8487
713	群馬クレインサンダーズ	12	十返 翔里	Shori Togaeri	192	51000482	https://www.bleague.jp/roster_detail/?PlayerID=51000482
713	群馬クレインサンダーズ	14	佐藤 誠人	Makoto Sato	190	30466	https://www.bleague.jp/roster_detail/?PlayerID=30466
713	群馬クレインサンダーズ	15	エージェー・エドゥ	A.J.Edu	208	51000301	https://www.bleague.jp/roster_detail/?PlayerID=51000301
713	群馬クレインサンダーズ	16	淺野 ケニー	Kenny Asano	198	51000232	https://www.bleague.jp/roster_detail/?PlayerID=51000232
713	群馬クレインサンダーズ	29	細川 一輝	Kazuki Hosokawa	187	30519	https://www.bleague.jp/roster_detail/?PlayerID=30519
713	群馬クレインサンダーズ	30	テレンス・ウッドベリー	Terrance Woodbury	203	10831	https://www.bleague.jp/roster_detail/?PlayerID=10831
713	群馬クレインサンダーズ	32	ヨハネス・ティーマン	Johannes Thiemann	206	51000397	https://www.bleague.jp/roster_detail/?PlayerID=51000397
713	群馬クレインサンダーズ	55	谷口 大智	Daichi Taniguchi	201	8470	https://www.bleague.jp/roster_detail/?PlayerID=8470
713	群馬クレインサンダーズ	0	藤井 祐眞	Yuma Fujii	178	8482	https://www.bleague.jp/roster_detail/?PlayerID=8482
714	横浜エクセレンス	1	トレイ・ボイド	Tray Boyd	193	43445	https://www.bleague.jp/roster_detail/?PlayerID=43445
714	横浜エクセレンス	4	スティーブン・ハート	Stephen Hurt	210	26903	https://www.bleague.jp/roster_detail/?PlayerID=26903
714	横浜エクセレンス	5	ディクソンジュニア タリキ	TarikiDickson JR.	181	51000178	https://www.bleague.jp/roster_detail/?PlayerID=51000178
714	横浜エクセレンス	8	西山 達哉	Tatsuya Nishiyama	172	8547	https://www.bleague.jp/roster_detail/?PlayerID=8547
714	横浜エクセレンス	10	永野 威旺	Io Nagano	178	51000344	https://www.bleague.jp/roster_detail/?PlayerID=51000344
714	横浜エクセレンス	11	木下 大南帆	Hironao Kinoshita	192	49610	https://www.bleague.jp/roster_detail/?PlayerID=49610
714	横浜エクセレンス	13	大橋 大空	Hirotaka Ohashi	165	51000274	https://www.bleague.jp/roster_detail/?PlayerID=51000274
714	横浜エクセレンス	14	カリム・エゼディン	Karim Ezzeddine	206	51000526	https://www.bleague.jp/roster_detail/?PlayerID=51000526
714	横浜エクセレンス	18	クーリバリ セリンムルタラ	Serignemourtalla Coulibaly	188	55000957	https://www.bleague.jp/roster_detail/?PlayerID=55000957
714	横浜エクセレンス	20	ザック・モーア	Zack Moore	198	5100000063	https://www.bleague.jp/roster_detail/?PlayerID=5100000063
714	横浜エクセレンス	21	エライジャ・ウィリアムス	Elyjah Williams	201	46074	https://www.bleague.jp/roster_detail/?PlayerID=46074
714	横浜エクセレンス	33	杉山 裕介	Yusuke Sugiyama	183	51000255	https://www.bleague.jp/roster_detail/?PlayerID=51000255
714	横浜エクセレンス	34	ベンジャミン・ローソン	Benjamin Lawson	216	18442	https://www.bleague.jp/roster_detail/?PlayerID=18442
714	横浜エクセレンス	93	上良 潤起	Junki Uera	187	30444	https://www.bleague.jp/roster_detail/?PlayerID=30444
714	横浜エクセレンス	0	板橋 真平	Shinpei Itabashi	168	5100000038	https://www.bleague.jp/roster_detail/?PlayerID=5100000038
716	信州ブレイブウォリアーズ	3	エリエット・ドンリー	Eliet Donley	198	32984	https://www.bleague.jp/roster_detail/?PlayerID=32984
716	信州ブレイブウォリアーズ	4	小玉 大智	Taichi Kodama	185	51000323	https://www.bleague.jp/roster_detail/?PlayerID=51000323
716	信州ブレイブウォリアーズ	5	土家 大輝	Daiki Tsuchiya	174	5100000017	https://www.bleague.jp/roster_detail/?PlayerID=5100000017
716	信州ブレイブウォリアーズ	7	アンジェロ・チョル	Angelo Chol	206	12642	https://www.bleague.jp/roster_detail/?PlayerID=12642
716	信州ブレイブウォリアーズ	11	小栗 瑛哉	Akitoshi Oguri	175	42539	https://www.bleague.jp/roster_detail/?PlayerID=42539
716	信州ブレイブウォリアーズ	12	栗原 ルイス	Louis Kurihara	188	18428	https://www.bleague.jp/roster_detail/?PlayerID=18428
716	信州ブレイブウォリアーズ	15	アキ・チェンバース	Aki Chambers	191	8448	https://www.bleague.jp/roster_detail/?PlayerID=8448
716	信州ブレイブウォリアーズ	24	マイク・ダウム	Mike Daum	206	51000528	https://www.bleague.jp/roster_detail/?PlayerID=51000528
716	信州ブレイブウォリアーズ	27	東海林 奨	Susumu Tokairin	193	51000239	https://www.bleague.jp/roster_detail/?PlayerID=51000239
716	信州ブレイブウォリアーズ	34	渡邉 飛勇	Hugh Watanabe	207	5100000049	https://www.bleague.jp/roster_detail/?PlayerID=5100000049
716	信州ブレイブウォリアーズ	46	生原 秀将	Shusuke Ikuhara	182	10822	https://www.bleague.jp/roster_detail/?PlayerID=10822
716	信州ブレイブウォリアーズ	50	ウェイン・マーシャル	Wayne Marshall	211	8843	https://www.bleague.jp/roster_detail/?PlayerID=8843
716	信州ブレイブウォリアーズ	51	横山 悠人	Haruto Yokoyama	183	51000549	https://www.bleague.jp/roster_detail/?PlayerID=51000549
716	信州ブレイブウォリアーズ	0	福島 ハリス慈音ウチェ	Harris Jion Uche Fukushima	190	51000548	https://www.bleague.jp/roster_detail/?PlayerID=51000548
717	ファイティングイーグルス名古屋	3	並里 成	Narito Namizato	172	9489	https://www.bleague.jp/roster_detail/?PlayerID=9489
717	ファイティングイーグルス名古屋	5	針間 大知	Daichi Harima	185	51000592	https://www.bleague.jp/roster_detail/?PlayerID=51000592
717	ファイティングイーグルス名古屋	6	須藤 タイレル拓	Tyrell TakuSudo	184	51000502	https://www.bleague.jp/roster_detail/?PlayerID=51000502
717	ファイティングイーグルス名古屋	7	伊藤 治輝	Haruki Ito	196	49518	https://www.bleague.jp/roster_detail/?PlayerID=49518
717	ファイティングイーグルス名古屋	9	宇都宮 陸	Riku Utsunomiya	177	51000124	https://www.bleague.jp/roster_detail/?PlayerID=51000124
717	ファイティングイーグルス名古屋	10	杉本 天昇	Tensho Sugimoto	186	30512	https://www.bleague.jp/roster_detail/?PlayerID=30512
717	ファイティングイーグルス名古屋	11	月岡 熙	Hikaru Tsukioka	174	51000593	https://www.bleague.jp/roster_detail/?PlayerID=51000593
717	ファイティングイーグルス名古屋	12	平松 克樹	Katsuki Hiramatsu	172	51000443	https://www.bleague.jp/roster_detail/?PlayerID=51000443
717	ファイティングイーグルス名古屋	15	マイロ・マーフィー	Mylo Murphy	198	51000501	https://www.bleague.jp/roster_detail/?PlayerID=51000501
717	ファイティングイーグルス名古屋	17	神田 壮一郎	Soichiro Kanda	190	51000380	https://www.bleague.jp/roster_detail/?PlayerID=51000380
717	ファイティングイーグルス名古屋	20	フランシス・ロペス	Francis Lopez	193	51000500	https://www.bleague.jp/roster_detail/?PlayerID=51000500
717	ファイティングイーグルス名古屋	21	笹山 貴哉	Takaya Sasayama	180	8517	https://www.bleague.jp/roster_detail/?PlayerID=8517
717	ファイティングイーグルス名古屋	22	ジェレミー・ジョーンズ	Jeremy Jones	201	5100000056	https://www.bleague.jp/roster_detail/?PlayerID=5100000056
717	ファイティングイーグルス名古屋	23	保岡 龍斗	Ryuto Yasuoka	188	10878	https://www.bleague.jp/roster_detail/?PlayerID=10878
717	ファイティングイーグルス名古屋	54	ショーン・オマラ	Sean O'mara	208	26912	https://www.bleague.jp/roster_detail/?PlayerID=26912
717	ファイティングイーグルス名古屋	0	ジャモルコ・ピケット	Jamorko Pickett	206	51000536	https://www.bleague.jp/roster_detail/?PlayerID=51000536
718	神戸ストークス	2	梅村 帝武	Tim Umemura	188	51000582	https://www.bleague.jp/roster_detail/?PlayerID=51000582
718	神戸ストークス	4	寺園 脩斗	Shuto Terazono	172	18148	https://www.bleague.jp/roster_detail/?PlayerID=18148
718	神戸ストークス	5	アイザック・バッツ	Isaac Butts	208	8591	https://www.bleague.jp/roster_detail/?PlayerID=8591
718	神戸ストークス	8	八村 阿蓮	Allen Hachimura	198	5100000016	https://www.bleague.jp/roster_detail/?PlayerID=5100000016
718	神戸ストークス	9	谷 直樹	Naoki Tani	193	8536	https://www.bleague.jp/roster_detail/?PlayerID=8536
718	神戸ストークス	12	木村 圭吾	Keigo Kimura	188	5100000066	https://www.bleague.jp/roster_detail/?PlayerID=5100000066
718	神戸ストークス	13	道原 紀晃	Noriaki Dohara	178	8538	https://www.bleague.jp/roster_detail/?PlayerID=8538
718	神戸ストークス	23	ヨーリ・チャイルズ	Yoeli Childs	202	51000317	https://www.bleague.jp/roster_detail/?PlayerID=51000317
718	神戸ストークス	24	中島 三千哉	Michiya Nakajima	179	51000547	https://www.bleague.jp/roster_detail/?PlayerID=51000547
718	神戸ストークス	30	金田 龍弥	Ryuya Kaneda	195	5100000031	https://www.bleague.jp/roster_detail/?PlayerID=5100000031
718	神戸ストークス	32	ルーク・メイ	Luke Maye	203	51000374	https://www.bleague.jp/roster_detail/?PlayerID=51000374
718	神戸ストークス	33	笹倉 怜寿	Reiju Sasakura	187	30347	https://www.bleague.jp/roster_detail/?PlayerID=30347
718	神戸ストークス	90	野溝 利一	Riichi Nomizo	160	51000448	https://www.bleague.jp/roster_detail/?PlayerID=51000448
719	バンビシャス奈良	1	大塚 勇人	Yuto Otsuka	173	8518	https://www.bleague.jp/roster_detail/?PlayerID=8518
719	バンビシャス奈良	4	ジェイミン・ブレイクフィールド	Jaemyn Brakefield	203	51000519	https://www.bleague.jp/roster_detail/?PlayerID=51000519
719	バンビシャス奈良	7	古牧 昌也	Masaya Komaki	186	12500	https://www.bleague.jp/roster_detail/?PlayerID=12500
719	バンビシャス奈良	10	イデムディア オサセレ	Osasere Idemudia	196	51000423	https://www.bleague.jp/roster_detail/?PlayerID=51000423
719	バンビシャス奈良	11	ナイジェル・スパイクス	Nigel Spikes	208	9332	https://www.bleague.jp/roster_detail/?PlayerID=9332
719	バンビシャス奈良	14	坂口 竜也	Tatsuya Sakaguchi	182	51000477	https://www.bleague.jp/roster_detail/?PlayerID=51000477
719	バンビシャス奈良	15	植田 碧羽	Aoba Ueda	168	51000570	https://www.bleague.jp/roster_detail/?PlayerID=51000570
719	バンビシャス奈良	18	相馬 卓弥	Takuya Soma	182	8683	https://www.bleague.jp/roster_detail/?PlayerID=8683
719	バンビシャス奈良	20	石井 峻平	Shunpei Ishii	188	15757	https://www.bleague.jp/roster_detail/?PlayerID=15757
719	バンビシャス奈良	22	ヴャチェスラフ・ペトロフ	Viacheslav Petrov	204	47147	https://www.bleague.jp/roster_detail/?PlayerID=47147
719	バンビシャス奈良	24	本多 純平	Jumpei Honda	190	8558	https://www.bleague.jp/roster_detail/?PlayerID=8558
719	バンビシャス奈良	29	間山 柊	Shu Mayama	195	51000484	https://www.bleague.jp/roster_detail/?PlayerID=51000484
719	バンビシャス奈良	88	中谷 衿夢	Erimu Nakatani	178	51000377	https://www.bleague.jp/roster_detail/?PlayerID=51000377
719	バンビシャス奈良	0	小林 遥太	Ryota Kobayashi	178	8462	https://www.bleague.jp/roster_detail/?PlayerID=8462
720	島根スサノオマジック	1	コティ・クラーク	Coty Clarke	201	5100000048	https://www.bleague.jp/roster_detail/?PlayerID=5100000048
720	島根スサノオマジック	2	金山 颯	Hayate Kanayama	179	51000584	https://www.bleague.jp/roster_detail/?PlayerID=51000584
720	島根スサノオマジック	4	ニック・ケイ	Nick Kay	206	5100000088	https://www.bleague.jp/roster_detail/?PlayerID=5100000088
720	島根スサノオマジック	6	北川 弘	Hiromu Kitagawa	183	8532	https://www.bleague.jp/roster_detail/?PlayerID=8532
720	島根スサノオマジック	7	介川 アンソニー翔	Anthony ShoSukegawa	197	51000458	https://www.bleague.jp/roster_detail/?PlayerID=51000458
720	島根スサノオマジック	11	中村 太地	Taichi Nakamura	190	10821	https://www.bleague.jp/roster_detail/?PlayerID=10821
720	島根スサノオマジック	14	ジェームズ・マイケル・マカドゥ	James MichaelMcAdoo	206	32992	https://www.bleague.jp/roster_detail/?PlayerID=32992
720	島根スサノオマジック	15	白濱 僚祐	Ryosuke Shirahama	189	8734	https://www.bleague.jp/roster_detail/?PlayerID=8734
720	島根スサノオマジック	17	横地 聖真	Seishin Yokochi	192	51000132	https://www.bleague.jp/roster_detail/?PlayerID=51000132
720	島根スサノオマジック	20	上田 隼輔	Shunsuke Ueda	188	51000137	https://www.bleague.jp/roster_detail/?PlayerID=51000137
720	島根スサノオマジック	21	納見 悠仁	Yuto Nohmi	182	30399	https://www.bleague.jp/roster_detail/?PlayerID=30399
720	島根スサノオマジック	22	飯尾 文哉	Fumiya Iio	187	51000113	https://www.bleague.jp/roster_detail/?PlayerID=51000113
720	島根スサノオマジック	24	岡本 飛竜	Hiryu Okamoto	170	8839	https://www.bleague.jp/roster_detail/?PlayerID=8839
720	島根スサノオマジック	25	ダマ ムッサ	Muusa Dama	207	27048	https://www.bleague.jp/roster_detail/?PlayerID=27048
720	島根スサノオマジック	77	岡田 侑大	Yuta Okada	189	18475	https://www.bleague.jp/roster_detail/?PlayerID=18475
721	広島ドラゴンフライズ	1	市川 真人	Masato Ichikawa	206	51000307	https://www.bleague.jp/roster_detail/?PlayerID=51000307
721	広島ドラゴンフライズ	3	伊藤 達哉	Tatsuya Ito	173	10849	https://www.bleague.jp/roster_detail/?PlayerID=10849
721	広島ドラゴンフライズ	4	ロバーツ ケイン	Kaine Roberts	187	33040	https://www.bleague.jp/roster_detail/?PlayerID=33040
721	広島ドラゴンフライズ	8	クリストファー・スミス	Christopher Smith	193	5100000055	https://www.bleague.jp/roster_detail/?PlayerID=5100000055
721	広島ドラゴンフライズ	10	上澤 俊喜	Toshiki Kamisawa	176	5100000039	https://www.bleague.jp/roster_detail/?PlayerID=5100000039
721	広島ドラゴンフライズ	13	ドウェイン・エバンス	DwayneEvans II	201	33097	https://www.bleague.jp/roster_detail/?PlayerID=33097
721	広島ドラゴンフライズ	14	佐古 竜誠	Ryusei Sako	178	51000589	https://www.bleague.jp/roster_detail/?PlayerID=51000589
721	広島ドラゴンフライズ	21	渡部 琉	Ryu Watanabe	193	5100000035	https://www.bleague.jp/roster_detail/?PlayerID=5100000035
721	広島ドラゴンフライズ	23	コフィ・コーバーン	Kofi Cockburn	211	51000216	https://www.bleague.jp/roster_detail/?PlayerID=51000216
721	広島ドラゴンフライズ	24	メイヨ ニック	Nick Mayo	206	26890	https://www.bleague.jp/roster_detail/?PlayerID=26890
721	広島ドラゴンフライズ	30	山崎 稜	Ryo Yamazaki	183	8504	https://www.bleague.jp/roster_detail/?PlayerID=8504
721	広島ドラゴンフライズ	32	晴山 ケビン	Kevin Hareyama	191	8483	https://www.bleague.jp/roster_detail/?PlayerID=8483
721	広島ドラゴンフライズ	34	三谷 桂司朗	Keijiro Mitani	192	30396	https://www.bleague.jp/roster_detail/?PlayerID=30396
721	広島ドラゴンフライズ	88	佐藤 涼成	Ryosei Sato	175	51000447	https://www.bleague.jp/roster_detail/?PlayerID=51000447
721	広島ドラゴンフライズ	0	小寺 ハミルトンゲイリー	Hamiltongary Kotera	206	9456	https://www.bleague.jp/roster_detail/?PlayerID=9456
721	広島ドラゴンフライズ	0	寺嶋 良	Ryo Terashima	175	30400	https://www.bleague.jp/roster_detail/?PlayerID=30400
723	愛媛オレンジバイキングス	1	林 瑛司	Eiji Hayashi	188	20004	https://www.bleague.jp/roster_detail/?PlayerID=20004
723	愛媛オレンジバイキングス	2	古野 拓巳	Takumi Furuno	178	9348	https://www.bleague.jp/roster_detail/?PlayerID=9348
723	愛媛オレンジバイキングス	3	マイケル・パーカー	Michael Parker	200	8579	https://www.bleague.jp/roster_detail/?PlayerID=8579
723	愛媛オレンジバイキングス	6	平 凌輝	Ryoki Taira	188	51000434	https://www.bleague.jp/roster_detail/?PlayerID=51000434
723	愛媛オレンジバイキングス	13	俊野 佳彦	Yoshihiko Toshino	188	8599	https://www.bleague.jp/roster_detail/?PlayerID=8599
723	愛媛オレンジバイキングス	16	マット・ハームス	Matt Haarms	221	51000411	https://www.bleague.jp/roster_detail/?PlayerID=51000411
723	愛媛オレンジバイキングス	17	武内 理貴	Riki Takeuchi	181	51000230	https://www.bleague.jp/roster_detail/?PlayerID=51000230
723	愛媛オレンジバイキングス	20	原田 大和	Yamato Harada	184	51000366	https://www.bleague.jp/roster_detail/?PlayerID=51000366
723	愛媛オレンジバイキングス	21	伊藤 良太	Ryota Ito	177	9234	https://www.bleague.jp/roster_detail/?PlayerID=9234
723	愛媛オレンジバイキングス	44	シャキール・ハインズ	Shaquille Hines	201	5100000050	https://www.bleague.jp/roster_detail/?PlayerID=5100000050
723	愛媛オレンジバイキングス	50	ミッチェル・ワット	Mitchell Watt	208	51000432	https://www.bleague.jp/roster_detail/?PlayerID=51000432
723	愛媛オレンジバイキングス	65	玉木 祥護	Shogo Tamaki	195	20003	https://www.bleague.jp/roster_detail/?PlayerID=20003
723	愛媛オレンジバイキングス	0	奥田 雄伍	Yugo Okuda	176	30350	https://www.bleague.jp/roster_detail/?PlayerID=30350
724	熊本ヴォルターズ	1	ラウリー・アルキンズ	Rawle Alkins	196	51000515	https://www.bleague.jp/roster_detail/?PlayerID=51000515
724	熊本ヴォルターズ	2	田中 力	Chikara Tanaka	186	51000331	https://www.bleague.jp/roster_detail/?PlayerID=51000331
724	熊本ヴォルターズ	3	山本 翔太	Shota Yamamoto	188	51000156	https://www.bleague.jp/roster_detail/?PlayerID=51000156
724	熊本ヴォルターズ	5	磯野 寛晃	Hiroaki Isono	186	30462	https://www.bleague.jp/roster_detail/?PlayerID=30462
724	熊本ヴォルターズ	11	石川 海斗	Kaito Ishikawa	170	8722	https://www.bleague.jp/roster_detail/?PlayerID=8722
724	熊本ヴォルターズ	12	保坂 晃毅	Koki Hosaka	181	51000450	https://www.bleague.jp/roster_detail/?PlayerID=51000450
724	熊本ヴォルターズ	13	長島 蓮	Ren Nagashima	177	22395	https://www.bleague.jp/roster_detail/?PlayerID=22395
724	熊本ヴォルターズ	15	モッチ ラミン	Lamine Mbodj	202	30405	https://www.bleague.jp/roster_detail/?PlayerID=30405
724	熊本ヴォルターズ	16	西田 公陽	Koyo Nishida	184	51000362	https://www.bleague.jp/roster_detail/?PlayerID=51000362
724	熊本ヴォルターズ	17	澤邉 圭太	Keita Sawabe	185	10263	https://www.bleague.jp/roster_detail/?PlayerID=10263
724	熊本ヴォルターズ	31	山田 安斗夢	Atomu Yamada	181	9399	https://www.bleague.jp/roster_detail/?PlayerID=9399
724	熊本ヴォルターズ	44	ミッチェル・ライトフット	Mitchell Lightfoot	203	51000426	https://www.bleague.jp/roster_detail/?PlayerID=51000426
724	熊本ヴォルターズ	88	グレゴリー・エチェニケ	Gregory Echenique	208	18432	https://www.bleague.jp/roster_detail/?PlayerID=18432
725	鹿児島レブナイズ	1	ナイム・ラバイ	Naim Rabay	203	51000504	https://www.bleague.jp/roster_detail/?PlayerID=51000504
725	鹿児島レブナイズ	2	パトリック・アウダ	Patrik Auda	204	33035	https://www.bleague.jp/roster_detail/?PlayerID=33035
725	鹿児島レブナイズ	5	佐藤 星来	Sera Sato	173	51000436	https://www.bleague.jp/roster_detail/?PlayerID=51000436
725	鹿児島レブナイズ	7	飴谷 由毅	Yoshiki Ametani	193	30404	https://www.bleague.jp/roster_detail/?PlayerID=30404
725	鹿児島レブナイズ	9	藤本 巧太	Kota Fujimoto	175	5100000010	https://www.bleague.jp/roster_detail/?PlayerID=5100000010
725	鹿児島レブナイズ	10	駒水 大雅 ジャック	Taiga JackKomamizu	200	32983	https://www.bleague.jp/roster_detail/?PlayerID=32983
725	鹿児島レブナイズ	12	藤田 浩司	Hiroshi Fujita	190	9402	https://www.bleague.jp/roster_detail/?PlayerID=9402
725	鹿児島レブナイズ	14	兒玉 貴通	Takayuki Kodama	166	9218	https://www.bleague.jp/roster_detail/?PlayerID=9218
725	鹿児島レブナイズ	20	多田 武史	Takeshi Tada	186	30457	https://www.bleague.jp/roster_detail/?PlayerID=30457
725	鹿児島レブナイズ	22	ジョシュ・シャーマ	Josh Sharma	211	51000493	https://www.bleague.jp/roster_detail/?PlayerID=51000493
725	鹿児島レブナイズ	23	アンソニー・ゲインズ・ジュニア	AnthonyGaines Jr.	193	36799	https://www.bleague.jp/roster_detail/?PlayerID=36799
725	鹿児島レブナイズ	31	松野 遥弥	Haruya Matsuno	190	51000563	https://www.bleague.jp/roster_detail/?PlayerID=51000563
725	鹿児島レブナイズ	32	武藤 修平	Shuhei Muto	192	8526	https://www.bleague.jp/roster_detail/?PlayerID=8526
725	鹿児島レブナイズ	33	三森 啓右	Keisuke Mimori	203	5100000037	https://www.bleague.jp/roster_detail/?PlayerID=5100000037
725	鹿児島レブナイズ	34	遠藤 善	Zen Endo	183	5100000044	https://www.bleague.jp/roster_detail/?PlayerID=5100000044
725	鹿児島レブナイズ	0	井上 大道	Hiromichi Inoue	180	51000485	https://www.bleague.jp/roster_detail/?PlayerID=51000485
726	サンロッカーズ渋谷	1	ドンテ・グランタム	Donte Grantham	203	51000496	https://www.bleague.jp/roster_detail/?PlayerID=51000496
726	サンロッカーズ渋谷	3	ジャン・ローレンス・ハーパージュニア	John LawrenceHarper Jr.	181	5100000034	https://www.bleague.jp/roster_detail/?PlayerID=5100000034
726	サンロッカーズ渋谷	4	トロイ・マーフィージュニア	TroyMurphy Jr.	193	51000180	https://www.bleague.jp/roster_detail/?PlayerID=51000180
726	サンロッカーズ渋谷	7	アンドリュー・ランダル	Andrew Randall	198	10834	https://www.bleague.jp/roster_detail/?PlayerID=10834
726	サンロッカーズ渋谷	8	ジョシュ・ホーキンソン	Josh Hawkinson	208	12598	https://www.bleague.jp/roster_detail/?PlayerID=12598
726	サンロッカーズ渋谷	9	ベンドラメ 礼生	Leo Vendrame	183	8447	https://www.bleague.jp/roster_detail/?PlayerID=8447
726	サンロッカーズ渋谷	12	野﨑 零也	Reiya Nozaki	185	15853	https://www.bleague.jp/roster_detail/?PlayerID=15853
726	サンロッカーズ渋谷	13	田中 大貴	Daiki Tanaka	193	9037	https://www.bleague.jp/roster_detail/?PlayerID=9037
726	サンロッカーズ渋谷	14	狩野 富成	Toyoshige Kano	206	42616	https://www.bleague.jp/roster_detail/?PlayerID=42616
726	サンロッカーズ渋谷	18	大庭 圭太郎	Keitaro Ohba	173	51000311	https://www.bleague.jp/roster_detail/?PlayerID=51000311
726	サンロッカーズ渋谷	32	山内 盛久	Morihisa Yamauchi	175	8658	https://www.bleague.jp/roster_detail/?PlayerID=8658
726	サンロッカーズ渋谷	40	トーマス・ウェルシュ	Thomas Welsh	213	51000171	https://www.bleague.jp/roster_detail/?PlayerID=51000171
726	サンロッカーズ渋谷	43	永吉 佑也	Yuya Nagayoshi	198	8493	https://www.bleague.jp/roster_detail/?PlayerID=8493
726	サンロッカーズ渋谷	77	大森 康瑛	Kouei Omori	194	55000162	https://www.bleague.jp/roster_detail/?PlayerID=55000162
726	サンロッカーズ渋谷	0	ディディ・ロウザダ	Didi Louzada	196	51000497	https://www.bleague.jp/roster_detail/?PlayerID=51000497
727	川崎ブレイブサンダース	1	オマール・ジャマレディン	Omar Jamaleddine	194	51000513	https://www.bleague.jp/roster_detail/?PlayerID=51000513
727	川崎ブレイブサンダース	2	伊久江 ロイ英輝	Roy HidekiIgwe	201	51000491	https://www.bleague.jp/roster_detail/?PlayerID=51000491
727	川崎ブレイブサンダース	3	水野 幹太	Kanta Mizuno	185	10852	https://www.bleague.jp/roster_detail/?PlayerID=10852
727	川崎ブレイブサンダース	5	エマニュエル・テリー	Emanuel Terry	206	51000510	https://www.bleague.jp/roster_detail/?PlayerID=51000510
727	川崎ブレイブサンダース	7	篠山 竜青	Ryusei Shinoyama	178	8484	https://www.bleague.jp/roster_detail/?PlayerID=8484
727	川崎ブレイブサンダース	10	野本 建吾	Kengo Nomoto	201	8486	https://www.bleague.jp/roster_detail/?PlayerID=8486
727	川崎ブレイブサンダース	11	米須 玲音	Reoto Yonesu	177	5100000022	https://www.bleague.jp/roster_detail/?PlayerID=5100000022
727	川崎ブレイブサンダース	13	津山 尚大	Shota Tsuyama	180	8654	https://www.bleague.jp/roster_detail/?PlayerID=8654
727	川崎ブレイブサンダース	14	ドゥシャン・リスティッチ	Dušan Ristić	212	51000494	https://www.bleague.jp/roster_detail/?PlayerID=51000494
727	川崎ブレイブサンダース	17	飯田 遼	Ryo Iida	185	15826	https://www.bleague.jp/roster_detail/?PlayerID=15826
727	川崎ブレイブサンダース	25	ロスコ・アレン	Rosco Allen	208	18433	https://www.bleague.jp/roster_detail/?PlayerID=18433
727	川崎ブレイブサンダース	33	長谷川 技	Takumi Hasegawa	190	8492	https://www.bleague.jp/roster_detail/?PlayerID=8492
727	川崎ブレイブサンダース	45	山内 ジャヘル琉人	Jaheru RyutoYamauchi	190	51000441	https://www.bleague.jp/roster_detail/?PlayerID=51000441
727	川崎ブレイブサンダース	55	岡田 大河	Taiga Okada	174	51000554	https://www.bleague.jp/roster_detail/?PlayerID=51000554
727	川崎ブレイブサンダース	60	武藤 俊太朗	Shuntaro Buto	190	51000240	https://www.bleague.jp/roster_detail/?PlayerID=51000240
728	シーホース三河	1	トーマス・ケネディ	Thomas Kennedy	201	8608	https://www.bleague.jp/roster_detail/?PlayerID=8608
728	シーホース三河	5	元澤 誠	Sei Motozawa	184	42537	https://www.bleague.jp/roster_detail/?PlayerID=42537
728	シーホース三河	7	長野 誠史	Satoshi Nagano	175	18399	https://www.bleague.jp/roster_detail/?PlayerID=18399
728	シーホース三河	9	平 寿哉	Toshiya Taira	176	51000389	https://www.bleague.jp/roster_detail/?PlayerID=51000389
728	シーホース三河	10	ジェイク・レイマン	Jake Layman	206	51000313	https://www.bleague.jp/roster_detail/?PlayerID=51000313
728	シーホース三河	11	久保田 義章	Yoshiaki Kubota	175	30469	https://www.bleague.jp/roster_detail/?PlayerID=30469
728	シーホース三河	13	須田 侑太郎	Yutaro Suda	190	8494	https://www.bleague.jp/roster_detail/?PlayerID=8494
728	シーホース三河	18	角野 亮伍	Ryogo Sumino	192	32982	https://www.bleague.jp/roster_detail/?PlayerID=32982
728	シーホース三河	19	西田 優大	Yudai Nishida	190	30403	https://www.bleague.jp/roster_detail/?PlayerID=30403
728	シーホース三河	27	石井 講祐	Kosuke Ishii	182	8583	https://www.bleague.jp/roster_detail/?PlayerID=8583
728	シーホース三河	30	アーロン・ホワイト	Aaron White	206	51000297	https://www.bleague.jp/roster_detail/?PlayerID=51000297
728	シーホース三河	32	シェーファー アヴィ幸樹	Avi KokiSchafer	206	19956	https://www.bleague.jp/roster_detail/?PlayerID=19956
728	シーホース三河	54	ダバンテ・ガードナー	Davante Gardner	203	9040	https://www.bleague.jp/roster_detail/?PlayerID=9040
729	名古屋ダイヤモンドドルフィンズ	2	齋藤 拓実	Takumi Saito	172	14301	https://www.bleague.jp/roster_detail/?PlayerID=14301
729	名古屋ダイヤモンドドルフィンズ	3	加藤 嵩都	Taketo Kato	178	51000119	https://www.bleague.jp/roster_detail/?PlayerID=51000119
729	名古屋ダイヤモンドドルフィンズ	4	小澤 飛悠	Hiyuu Ozawa	190	51000498	https://www.bleague.jp/roster_detail/?PlayerID=51000498
729	名古屋ダイヤモンドドルフィンズ	5	アイザイア・マーフィー	Isaiah Murphy	196	32995	https://www.bleague.jp/roster_detail/?PlayerID=32995
729	名古屋ダイヤモンドドルフィンズ	7	今西 優斗	Yuto Imanishi	180	51000222	https://www.bleague.jp/roster_detail/?PlayerID=51000222
729	名古屋ダイヤモンドドルフィンズ	8	張本 天傑	Tenketsu Harimoto	198	8738	https://www.bleague.jp/roster_detail/?PlayerID=8738
729	名古屋ダイヤモンドドルフィンズ	11	アーロン・ヘンリー	Aaron Henry	198	51000268	https://www.bleague.jp/roster_detail/?PlayerID=51000268
729	名古屋ダイヤモンドドルフィンズ	12	中東 泰斗	Taito Nakahigashi	191	8516	https://www.bleague.jp/roster_detail/?PlayerID=8516
729	名古屋ダイヤモンドドルフィンズ	14	佐藤 卓磨	Takuma Sato	197	15811	https://www.bleague.jp/roster_detail/?PlayerID=15811
729	名古屋ダイヤモンドドルフィンズ	15	アラン・ウィリアムズ	Alan Williams	203	51000264	https://www.bleague.jp/roster_detail/?PlayerID=51000264
729	名古屋ダイヤモンドドルフィンズ	17	若野 瑛太	Eita Wakano	186	51000305	https://www.bleague.jp/roster_detail/?PlayerID=51000305
729	名古屋ダイヤモンドドルフィンズ	23	ジェイク幸輝・ホルツ	Jake kokiHoltz	194	51000499	https://www.bleague.jp/roster_detail/?PlayerID=51000499
729	名古屋ダイヤモンドドルフィンズ	27	春田 結斗	Yuito Haruta	166	55000968	https://www.bleague.jp/roster_detail/?PlayerID=55000968
729	名古屋ダイヤモンドドルフィンズ	30	今村 佳太	Keita Imamura	191	14302	https://www.bleague.jp/roster_detail/?PlayerID=14302
729	名古屋ダイヤモンドドルフィンズ	34	カイル・リチャードソン	Kyle Richardson	198	9435	https://www.bleague.jp/roster_detail/?PlayerID=9435
729	名古屋ダイヤモンドドルフィンズ	43	スコット・エサトン	Scott Eatherton	208	5100000046	https://www.bleague.jp/roster_detail/?PlayerID=5100000046
745	越谷アルファーズ	1	ジャレル・マーティン	Jarell Martin	208	51000512	https://www.bleague.jp/roster_detail/?PlayerID=51000512
745	越谷アルファーズ	4	四家 魁人	Kaito Shike	175	51000285	https://www.bleague.jp/roster_detail/?PlayerID=51000285
745	越谷アルファーズ	5	アンソニー・クレモンズ	Anthony Clemmons	187	51000280	https://www.bleague.jp/roster_detail/?PlayerID=51000280
745	越谷アルファーズ	7	松山 駿	Shun Matsuyama	175	20023	https://www.bleague.jp/roster_detail/?PlayerID=20023
745	越谷アルファーズ	8	ジャワラ ジョゼフ	Joseph Diawara	197	30463	https://www.bleague.jp/roster_detail/?PlayerID=30463
745	越谷アルファーズ	9	デイボン・リード	Davon Reed	198	51000533	https://www.bleague.jp/roster_detail/?PlayerID=51000533
745	越谷アルファーズ	10	三ツ井 利也	Kazuya Mitsui	190	10842	https://www.bleague.jp/roster_detail/?PlayerID=10842
745	越谷アルファーズ	11	カイ・ソット	Kai Sotto	220	51000259	https://www.bleague.jp/roster_detail/?PlayerID=51000259
745	越谷アルファーズ	12	池田 祐一	Yuichi Ikeda	183	5100000006	https://www.bleague.jp/roster_detail/?PlayerID=5100000006
745	越谷アルファーズ	13	堀 陽稀	Haruki Hori	190	51000588	https://www.bleague.jp/roster_detail/?PlayerID=51000588
745	越谷アルファーズ	14	大庭 岳輝	Takeru Oba	184	30401	https://www.bleague.jp/roster_detail/?PlayerID=30401
745	越谷アルファーズ	18	鎌田 裕也	Yuya Kamata	197	8489	https://www.bleague.jp/roster_detail/?PlayerID=8489
745	越谷アルファーズ	23	稲田 貫大	Kanta Inada	174	51000581	https://www.bleague.jp/roster_detail/?PlayerID=51000581
745	越谷アルファーズ	28	菅原 佳依	Kai Sugawara	191	51000345	https://www.bleague.jp/roster_detail/?PlayerID=51000345
745	越谷アルファーズ	31	喜多川 修平	Shuhei Kitagawa	185	8657	https://www.bleague.jp/roster_detail/?PlayerID=8657
745	越谷アルファーズ	45	セクー・ドゥムブヤ	Sekou Doumbouya	206	51000511	https://www.bleague.jp/roster_detail/?PlayerID=51000511
753	ライジングゼファー福岡	6	下山 瑛司	Eiji Shimoyama	169	51000567	https://www.bleague.jp/roster_detail/?PlayerID=51000567
753	ライジングゼファー福岡	7	西川 貴之	Takanobu Nishikawa	196	8510	https://www.bleague.jp/roster_detail/?PlayerID=8510
753	ライジングゼファー福岡	8	青木 龍史	Ryuji Aoki	178	26876	https://www.bleague.jp/roster_detail/?PlayerID=26876
753	ライジングゼファー福岡	10	スン スーヤオ	Siyao Sun	210	51000398	https://www.bleague.jp/roster_detail/?PlayerID=51000398
753	ライジングゼファー福岡	12	寒竹 隼人	Hayato Kantake	194	8840	https://www.bleague.jp/roster_detail/?PlayerID=8840
753	ライジングゼファー福岡	15	白谷 柱誠 ジャック	Chuson JackShiratani	194	51000573	https://www.bleague.jp/roster_detail/?PlayerID=51000573
753	ライジングゼファー福岡	20	中谷 麻登	Mato Nakatani	177	51000559	https://www.bleague.jp/roster_detail/?PlayerID=51000559
753	ライジングゼファー福岡	23	村上 駿斗	Shunto Murakami	185	8615	https://www.bleague.jp/roster_detail/?PlayerID=8615
753	ライジングゼファー福岡	24	ジャスティン・バーレル	Justin Burrell	204	9383	https://www.bleague.jp/roster_detail/?PlayerID=9383
753	ライジングゼファー福岡	32	狩野 祐介	Yusuke Karino	184	8463	https://www.bleague.jp/roster_detail/?PlayerID=8463
753	ライジングゼファー福岡	33	加藤 寿一	Toshikazu Kato	192	8595	https://www.bleague.jp/roster_detail/?PlayerID=8595
753	ライジングゼファー福岡	34	パブロ・アギラール	Pablo Aguilar	204	32952	https://www.bleague.jp/roster_detail/?PlayerID=32952
753	ライジングゼファー福岡	0	會田 圭佑	Keisuke Aita	183	10824	https://www.bleague.jp/roster_detail/?PlayerID=10824