Rank,Player,Age,GP,MIN,ORTG,DRTG,NRTG,USG%,TS%,eFG%,,,,
1,"ニック・ケイ
島根 - C/PF",33,39,1205.8,114.40,106.99,7.41,20.85%,67.53%,62.93%,26.34%,38.29%,2.74,21.12%
2,"ダバンテ・ガードナー
三河 - C/PF",34,39,1204.0,121.91,107.77,14.14,23.31%,65.55%,61.04%,31.08%,30.41%,2.26,21.14%
3,"ショーン・オマラ
FE名古屋 - C",30,38,1203.6,111.27,111.45,-0.17,20.85%,61.68%,58.07%,0.00%,41.41%,1.34,18.38%
4,"デレク・パードン
A千葉 - C/PF",29,39,1203.5,107.59,115.28,-7.69,17.03%,66.32%,62.54%,2.47%,55.48%,1.45,19.88%
5,"ジャレット・カルバー
仙台 - SG/SF",27,39,1203.1,114.36,110.66,3.70,37.23%,58.93%,52.98%,39.89%,37.12%,1.21,22.45%
6,"デイビッド・ダジンスキー
佐賀 - C/PF",34,39,1182.3,113.69,112.56,1.12,21.58%,61.09%,56.19%,33.26%,32.57%,3.44,14.34%
7,"D.J・ニュービル
宇都宮 - PG/SG",34,38,1174.1,121.00,110.32,10.68,27.71%,62.13%,60.34%,61.86%,27.13%,2.68,39.00%
8,"安藤 誓哉
横浜BC - PG",33,39,1168.0,107.37,118.77,-11.41,23.97%,55.91%,52.49%,57.58%,17.32%,1.61,21.03%
9,"ジョシュ・ホーキンソン
SR渋谷 - C/PF",30,39,1161.8,110.43,115.16,-4.74,24.52%,60.24%,54.95%,35.27%,30.75%,1.60,15.02%
10,"アーロン・ヘンリー
名古屋D - SF",26,38,1157.8,112.44,96.11,16.33,26.79%,54.56%,51.27%,35.21%,25.23%,1.72,24.07%
11,"保岡 龍斗
FE名古屋 - SG/SF",31,39,1139.5,112.24,111.01,1.23,16.94%,56.74%,53.70%,63.91%,19.82%,2.08,15.20%
12,"アンソニー・クレモンズ
越谷 - PG",31,39,1130.0,100.39,108.96,-8.57,24.75%,57.72%,54.95%,51.38%,27.65%,1.95,28.40%
13,"エリック・ジェイコブセン
茨城 - C/PF",31,39,1125.5,106.28,108.52,-2.24,20.41%,65.41%,62.82%,10.13%,54.75%,1.49,19.19%
14,"ダミアン・イングリス
横浜BC - C/PF",31,38,1120.8,111.55,115.29,-3.75,29.85%,54.68%,51.55%,13.15%,24.76%,1.81,33.33%
15,"ジャリル・オカフォー
北海道 - C",30,39,1120.2,120.10,114.38,5.72,22.58%,67.11%,64.95%,5.03%,36.93%,1.62,21.78%
16,"イ ヒョンジュン
長崎 - SG/SF",25,39,1115.8,124.36,99.22,25.14,20.03%,74.94%,73.46%,66.17%,24.69%,2.36,15.28%
17,"ジャレル・ブラントリー
長崎 - PF",29,39,1113.0,120.73,98.87,21.86,27.54%,53.37%,50.57%,43.87%,19.92%,2.22,28.46%
18,"岡田 侑大
島根 - PG/SG",27,35,1111.0,113.78,110.87,2.91,25.10%,57.81%,54.37%,50.90%,22.65%,1.92,30.78%
19,"中山 拓哉
秋田 - PG/SG",31,37,1103.9,100.43,117.34,-16.91,16.83%,45.78%,41.55%,59.12%,20.95%,2.10,24.44%
20,"角田 太輝
佐賀 - SG",26,39,1095.4,110.70,112.78,-2.08,21.83%,45.77%,42.20%,64.02%,16.40%,2.38,35.27%
21,"デイビッド・ヌワバ
三遠 - SG/SF",33,35,1093.8,116.18,113.01,3.17,27.93%,61.28%,57.24%,26.57%,52.27%,1.69,24.67%
22,"ロバート・フランクス
茨城 - SF/PF",29,35,1080.8,107.04,113.11,-6.06,24.32%,62.66%,59.93%,45.28%,27.85%,1.51,21.11%
23,"馬場 雄大
長崎 - SG/SF",30,39,1079.4,121.30,99.62,21.69,18.76%,63.76%,60.36%,48.82%,28.99%,2.08,19.62%
24,"セバスチャン・サイズ
A東京 - C/PF",31,39,1074.3,114.97,109.33,5.64,27.18%,62.56%,58.75%,10.07%,37.86%,1.06,9.94%
25,"ドンテ・グランタム
SR渋谷 - PF",31,38,1071.6,109.49,115.69,-6.20,23.63%,58.80%,54.77%,30.15%,28.64%,1.71,22.21%
26,"ドウェイン・エバンス
広島 - SF/PF",34,39,1063.1,118.28,112.48,5.80,28.04%,57.00%,53.85%,30.77%,44.40%,2.02,35.45%
27,"マーカス・フォスター
A東京 - SG",30,39,1057.6,113.17,109.33,3.84,30.13%,55.52%,53.94%,48.72%,24.65%,1.59,24.26%
28,"ブロック・モータム
富山 - PF",35,37,1054.9,109.34,117.93,-8.59,26.52%,57.95%,55.34%,35.89%,22.18%,1.19,21.54%
29,"アイザック・フォトゥ
宇都宮 - PF",32,39,1053.3,120.51,110.49,10.02,23.67%,65.15%,64.78%,16.31%,34.99%,1.83,13.28%
30,"游 艾喆
滋賀 - PG",24,39,1047.7,108.30,115.55,-7.25,16.31%,51.91%,50.73%,47.45%,8.39%,3.16,47.36%
31,"ジェイク・レイマン
三河 - SF/PF",32,39,1044.8,119.09,112.33,6.76,22.64%,64.36%,62.47%,55.38%,28.08%,1.15,11.72%
32,"スタンリー・ジョンソン
長崎 - SF",30,39,1040.6,123.25,100.91,22.34,38.18%,58.01%,53.17%,46.46%,31.83%,1.31,23.83%
33,"ザック・オーガスト
滋賀 - C/PF",32,38,1033.2,106.21,116.09,-9.88,31.59%,57.56%,57.04%,22.74%,42.45%,0.79,19.61%
34,"富樫 勇樹
千葉J - PG",32,39,1031.8,118.10,106.29,11.81,20.94%,52.82%,49.28%,69.63%,17.48%,2.39,34.00%
35,"渡邊 雄太
千葉J - SF/PF",31,39,1030.9,117.57,105.76,11.81,23.79%,53.78%,49.75%,43.67%,32.26%,1.26,13.69%
36,"クリストファー・スミス
広島 - SG/SF",32,39,1027.2,117.32,115.58,1.74,30.10%,63.18%,56.90%,56.26%,46.92%,1.92,23.86%
37,"比江島 慎
宇都宮 - SG",35,39,1025.6,121.32,110.98,10.34,21.66%,56.03%,53.10%,55.75%,35.99%,2.37,33.13%
38,"エマニュエル・テリー
川崎 - C/PF",29,39,1023.0,103.05,116.39,-13.34,17.14%,66.99%,65.71%,11.79%,25.36%,1.54,14.06%
39,"田中 大貴
SR渋谷 - SG",34,37,1017.8,111.53,115.58,-4.05,17.05%,50.91%,49.20%,40.76%,7.32%,3.25,20.27%
40,"ライアン・クリーナー
滋賀 - PF",28,36,1017.7,110.36,114.45,-4.09,22.22%,63.47%,60.03%,31.75%,30.08%,1.12,19.10%
41,"マット・ボンズ
大阪 - PF",30,31,1017.6,111.27,114.92,-3.65,31.22%,58.34%,53.50%,36.55%,33.90%,1.37,19.32%
42,"ヤニー・ウェッツェル
秋田 - C/PF",29,35,1015.1,101.45,115.66,-14.21,26.22%,56.49%,53.43%,16.31%,34.28%,1.50,19.31%
43,"富永 啓生
北海道 - SG",25,39,1010.2,120.79,114.20,6.59,32.18%,56.08%,51.83%,43.65%,25.04%,1.22,16.30%
44,"ディー・ジェイ・ホグ
千葉J - SF/PF",29,36,1007.8,116.56,106.26,10.30,25.30%,57.57%,54.46%,55.90%,23.86%,1.71,24.89%
45,"ネイサン・ブース
仙台 - C/PF",32,39,1000.5,113.19,107.34,5.85,19.05%,63.96%,60.86%,46.48%,15.60%,2.04,21.60%
46,"阿部 諒
佐賀 - SG",31,39,1000.4,109.70,110.80,-1.10,21.49%,46.23%,41.82%,41.96%,24.40%,2.40,33.70%
47,"トーマス・ウィンブッシュ
滋賀 - SF/PF",32,39,997.9,105.96,117.66,-11.70,29.73%,56.66%,47.33%,47.44%,54.57%,0.53,9.32%
48,"ジョーダン・ヒース
京都 - C/PF",34,36,992.3,98.28,110.08,-11.81,18.19%,50.28%,51.01%,58.92%,21.55%,1.08,10.71%
49,"ドワイト・ラモス
北海道 - SG/SF",27,39,991.5,123.25,112.04,11.21,22.46%,55.82%,52.62%,36.65%,29.06%,2.09,23.01%
50,"ギャビン・エドワーズ
宇都宮 - PF",38,37,987.8,122.27,108.83,13.43,19.65%,61.84%,59.84%,54.43%,39.02%,1.05,10.67%
51,"今村 佳太
名古屋D - SG/SF",30,39,985.1,112.81,98.03,14.78,20.81%,46.09%,44.00%,61.25%,12.50%,2.49,20.98%
52,"岡田 雄三
富山 - PG",30,39,984.1,105.97,117.36,-11.39,15.44%,44.85%,41.70%,56.52%,24.11%,2.51,32.70%
53,"ケリー・ブラックシアー・ジュニア
群馬 - C/PF",29,38,980.4,123.29,105.34,17.95,24.01%,69.44%,62.87%,17.66%,58.38%,2.71,30.61%
54,"大浦 颯太
三遠 - PG",28,39,977.2,113.45,115.10,-1.66,20.20%,49.85%,44.98%,64.72%,24.27%,2.92,43.54%
55,"ドゥシャン・リスティッチ
川崎 - C",30,39,976.1,104.50,113.87,-9.37,23.38%,62.66%,61.44%,31.62%,12.34%,1.36,14.34%
56,"ジャック・クーリー
琉球 - C",35,39,975.8,115.55,104.37,11.18,20.33%,61.11%,54.76%,1.27%,54.92%,1.95,15.48%
57,"スコット・エサトン
名古屋D - C/PF",34,39,973.5,112.79,99.39,13.40,18.39%,62.48%,60.19%,15.12%,28.70%,2.37,17.06%
58,"津山 尚大
川崎 - PG/SG",30,39,961.7,105.00,115.48,-10.48,21.89%,48.92%,47.32%,64.61%,11.26%,1.45,13.75%
59,"ライアン・ロシター
A東京 - C/PF",36,34,941.8,114.31,107.37,6.93,14.89%,58.28%,54.29%,25.25%,48.48%,3.60,35.79%
60,"コフィ・コーバーン
広島 - C",26,36,940.9,118.23,110.04,8.19,28.08%,62.79%,61.73%,0.00%,43.95%,0.75,14.00%
61,"齋藤 拓実
名古屋D - PG",30,39,940.1,112.92,99.45,13.47,22.11%,57.64%,55.27%,53.24%,17.84%,2.89,41.42%
62,"キアヌ・ピンダー
秋田 - C/PF",31,37,934.8,100.86,116.93,-16.06,32.51%,52.31%,48.70%,36.53%,28.54%,0.89,14.43%
63,"ジェレミー・ジョーンズ
FE名古屋 - SF",29,34,931.0,110.03,109.66,0.37,16.93%,57.57%,54.26%,61.63%,25.19%,1.82,18.38%
64,"ライアン・ルーサー
大阪 - C/PF",30,35,928.5,112.46,113.14,-0.69,27.89%,57.66%,54.82%,35.87%,20.63%,1.50,20.97%
65,"三谷 桂司朗
広島 - SF",24,39,926.4,119.93,109.75,10.18,15.54%,54.24%,52.45%,69.06%,16.23%,0.96,5.90%
66,"ジャモルコ・ピケット
FE名古屋 - SF/PF",28,39,923.9,105.80,114.91,-9.11,26.68%,55.44%,49.21%,41.95%,37.73%,0.81,15.59%
67,"杉本 慶
A千葉 - PG",33,39,923.6,108.66,114.77,-6.12,15.97%,53.59%,50.71%,39.34%,18.96%,2.06,32.58%
68,"細川 一輝
群馬 - SG",28,39,917.5,119.84,107.14,12.70,14.94%,55.27%,55.06%,82.19%,1.62%,1.75,8.59%
69,"中村 拓人
群馬 - PG",25,37,917.3,116.93,107.10,9.83,22.68%,50.92%,48.31%,33.44%,17.79%,1.81,23.72%
70,"トレイ・ケル
富山 - SG",30,32,917.3,111.53,116.30,-4.77,32.98%,60.13%,50.80%,40.08%,54.51%,1.76,29.12%
71,"セルジオ・エル ダーウィッチ
仙台 - SG",29,35,916.7,112.45,106.22,6.23,22.97%,51.33%,49.55%,32.05%,18.40%,2.29,41.01%
72,"藤井 祐眞
群馬 - PG/SG",34,39,916.4,119.82,108.08,11.74,20.18%,54.95%,49.10%,83.51%,35.13%,2.14,21.49%
73,"前田 悟
京都 - SG",29,37,913.1,100.89,110.90,-10.01,20.37%,50.48%,47.59%,59.16%,20.26%,1.26,12.99%
74,"レイ・パークスジュニア
大阪 - SG",33,35,912.9,112.33,113.91,-1.57,23.31%,53.64%,48.09%,57.22%,31.34%,1.18,12.13%
75,"メイヨ ニック
広島 - C/PF",28,30,907.9,115.58,111.66,3.92,16.17%,59.36%,57.47%,53.64%,19.92%,3.04,18.97%
76,"小酒部 泰暉
A東京 - SG",27,37,904.8,113.31,109.92,3.40,14.98%,50.96%,47.29%,56.11%,23.98%,4.04,21.73%
77,"ベンドラメ 礼生
SR渋谷 - PG/SG",32,39,899.9,107.41,116.68,-9.26,24.17%,46.73%,42.22%,45.82%,22.19%,1.75,26.23%
78,"ジャレル・マーティン
越谷 - PF",32,39,899.5,103.97,109.03,-5.06,26.86%,51.02%,47.89%,28.16%,27.11%,1.17,16.86%
79,"ジェームズ・マイケル・マカドゥ
島根 - C/PF",33,39,897.6,108.72,109.50,-0.78,23.50%,57.86%,56.78%,3.54%,38.05%,1.50,14.29%
80,"ゲイリー・クラーク
横浜BC - PF",31,33,896.4,111.54,118.75,-7.21,23.89%,54.91%,53.42%,54.52%,13.70%,1.39,14.05%
81,"ケビン・ジョーンズ
北海道 - PF",36,32,887.3,121.78,113.64,8.14,17.54%,60.57%,58.75%,35.02%,12.12%,2.68,14.98%
82,"ヴィック・ロー
琉球 - SF/PF",30,32,886.7,117.80,105.35,12.44,26.46%,55.18%,51.71%,32.52%,22.98%,2.41,29.10%
83,"岸本 隆一
琉球 - PG/SG",36,37,886.6,119.12,105.50,13.62,24.35%,49.95%,45.71%,64.16%,19.74%,2.33,28.63%
84,"西田 優大
三河 - SG/SF",27,38,885.1,120.81,111.39,9.42,24.48%,54.98%,52.23%,35.75%,19.83%,2.66,27.44%
85,"安藤 周人
A東京 - SG",31,36,878.0,111.98,105.21,6.77,20.97%,60.36%,57.68%,75.16%,21.90%,1.51,11.94%
86,"熊谷 航
長崎 - PG",30,36,874.6,120.94,98.51,22.43,11.23%,48.52%,47.39%,62.75%,13.07%,3.23,30.51%
87,"津屋 一球
三遠 - SG",27,39,871.6,114.68,116.54,-1.86,14.10%,60.37%,60.89%,88.89%,12.00%,1.95,9.26%
88,"前田 怜緒
A千葉 - SG/SF",28,36,870.5,104.93,114.39,-9.47,21.58%,45.16%,42.28%,48.66%,20.13%,1.58,26.41%
89,"ブーバカー・トゥーレ
仙台 - C",30,39,868.3,107.76,110.68,-2.91,19.78%,55.79%,55.65%,0.00%,55.22%,0.68,11.20%
90,"宇都 直輝
富山 - PG",34,39,867.0,107.46,119.53,-12.07,20.06%,50.26%,45.74%,7.04%,34.81%,1.60,33.00%
91,"ロスコ・アレン
川崎 - SF/PF",33,33,866.3,105.87,116.20,-10.33,27.26%,53.07%,46.52%,39.83%,50.70%,1.06,12.12%
92,"キーファー・ラベナ
横浜BC - PG/SG",32,39,862.6,114.71,113.56,1.15,26.22%,58.80%,53.49%,41.57%,32.85%,2.09,32.07%
93,"ウィリアムス ニカ
富山 - C",38,38,861.0,109.81,116.04,-6.22,18.74%,56.44%,55.51%,0.38%,40.68%,0.40,5.37%
94,"ジョン・ハーラー
北海道 - C/PF",26,39,858.8,117.81,112.09,5.71,20.60%,61.07%,57.04%,0.00%,50.18%,1.68,19.40%
95,"渡辺 翔太
仙台 - PG",27,39,849.3,113.01,109.29,3.72,14.69%,55.19%,54.13%,72.17%,10.87%,3.55,19.84%
96,"納見 悠仁
島根 - PG/SG",29,39,844.3,109.16,108.60,0.56,17.29%,51.72%,49.34%,68.28%,12.78%,2.19,30.82%
97,"原 修太
千葉J - SG/SF",32,38,843.8,113.58,107.29,6.29,14.14%,52.37%,51.28%,29.74%,16.41%,2.08,18.35%
98,"篠山 竜青
川崎 - PG",37,39,841.9,104.19,114.68,-10.48,20.09%,61.74%,58.91%,60.87%,20.00%,2.04,45.72%
99,"エージェー・エドゥ
群馬 - C/PF",26,36,840.2,118.11,107.33,10.78,15.68%,59.58%,52.91%,0.53%,39.15%,1.59,13.84%
100,"小川 麻斗
京都 - PG",24,39,838.3,99.08,109.22,-10.14,29.08%,44.81%,41.93%,50.78%,16.41%,1.29,26.83%
101,"ヤニス・モラン
富山 - C/PF",32,34,835.9,104.42,113.36,-8.94,27.83%,54.83%,52.33%,14.21%,34.63%,0.66,13.34%
102,"アーロン・ホワイト
三河 - C/PF",33,39,835.3,113.88,111.58,2.29,16.26%,55.52%,50.98%,48.29%,47.32%,2.92,16.98%
103,"アレックス・カーク
琉球 - C",34,39,828.9,114.07,108.83,5.25,19.86%,64.94%,62.55%,1.82%,34.91%,1.79,13.16%
104,"中村 太地
島根 - PG/SG",28,39,826.4,111.42,107.24,4.17,16.78%,49.30%,47.06%,63.45%,13.87%,1.64,14.39%
105,"辻 直人
群馬 - SG",36,39,823.4,121.31,108.48,12.83,17.73%,56.12%,53.92%,81.96%,13.33%,3.75,20.50%
106,"山口 颯斗
長崎 - SG/SF",27,39,820.9,122.05,101.66,20.39,12.22%,62.12%,60.50%,63.54%,19.34%,1.52,7.97%
107,"元田 大陽
秋田 - SG",24,39,819.4,99.73,114.59,-14.86,14.42%,45.51%,43.84%,60.10%,11.33%,1.27,10.80%
108,"ケーレブ・ターズースキー
横浜BC - C",33,32,818.0,108.32,114.42,-6.10,14.73%,68.88%,64.07%,0.00%,53.29%,1.18,11.61%
109,"ナシール・リトル
千葉J - SF/PF",26,32,810.4,116.67,107.74,8.93,28.06%,60.61%,54.85%,37.95%,40.72%,1.41,14.99%
110,"ジャン・ローレンス・ハーパージュニア
SR渋谷 - PG",23,37,806.9,109.42,109.79,-0.37,19.39%,48.85%,46.35%,71.67%,19.31%,2.14,37.86%
111,"トレイ・ポーター
A千葉 - C/PF",29,38,804.9,109.16,115.79,-6.64,21.39%,64.05%,61.79%,11.03%,42.59%,0.79,9.52%
112,"長野 誠史
三河 - PG",30,39,800.4,120.22,112.28,7.94,17.79%,51.05%,44.65%,62.57%,31.02%,2.24,41.27%
113,"松山 駿
越谷 - PG/SG",29,32,796.1,106.07,113.43,-7.35,25.77%,62.32%,59.27%,65.35%,21.58%,1.37,19.60%
114,"カイル・リチャードソン
名古屋D - C/PF",35,39,794.0,109.18,101.42,7.76,16.47%,51.14%,45.14%,22.16%,56.22%,0.63,9.30%
115,"池田 祐一
越谷 - PG",29,39,793.4,102.67,108.25,-5.59,15.67%,46.86%,43.86%,42.69%,25.15%,1.88,33.80%
116,"タナー・グローヴス
佐賀 - C/PF",27,30,788.8,110.43,114.55,-4.12,26.74%,66.88%,62.91%,22.85%,35.91%,0.80,10.86%
117,"長谷川 暢
茨城 - PG",29,39,785.8,108.12,108.48,-0.36,26.39%,52.75%,49.70%,46.45%,21.30%,2.18,28.01%
118,"陳岡 流羽
茨城 - PG/SG",23,39,778.2,108.89,110.34,-1.45,12.17%,43.96%,43.23%,38.06%,12.90%,2.46,15.31%
119,"並里 成
FE名古屋 - PG",36,37,772.0,112.00,110.70,1.30,24.41%,45.47%,41.04%,32.57%,21.82%,2.55,47.58%
120,"アキル・ミッチェル
長崎 - C/PF",33,39,771.7,119.70,98.97,20.73,17.61%,59.34%,57.21%,12.61%,31.53%,2.20,21.64%
121,"エヴァンス ルーク
A千葉 - PF",35,37,764.7,104.33,109.30,-4.96,23.10%,47.14%,46.50%,38.81%,27.27%,1.05,14.91%
122,"黒川 虎徹
A千葉 - PG",25,39,764.3,108.76,118.15,-9.39,24.05%,55.00%,52.44%,46.25%,13.68%,2.27,34.97%
123,"青木 保憲
大阪 - PG",30,38,763.8,107.45,114.37,-6.92,16.07%,50.38%,46.37%,43.01%,18.13%,2.32,28.99%
124,"ジョン・ムーニー
千葉J - C/PF",28,28,759.6,118.99,100.69,18.30,20.95%,66.36%,61.97%,5.02%,37.84%,2.78,22.96%
125,"松脇 圭志
琉球 - SG",29,39,758.1,116.17,104.57,11.60,16.09%,43.60%,42.73%,80.62%,3.52%,1.52,13.01%
126,"タイラー・クック
茨城 - C/PF",28,37,755.6,101.72,114.36,-12.65,31.54%,57.21%,55.44%,0.34%,60.54%,0.97,23.78%
127,"飯尾 文哉
島根 - SG",25,35,746.5,110.81,111.13,-0.32,17.44%,49.72%,49.56%,49.78%,5.33%,1.38,13.69%
128,"チャールズ・ジャクソン
京都 - C",33,27,745.3,99.77,111.62,-11.85,23.37%,58.99%,58.54%,1.67%,62.50%,1.11,18.93%
129,"島谷 怜
北海道 - PG",25,39,739.7,121.44,110.36,11.08,13.07%,61.18%,55.74%,36.49%,33.78%,3.21,32.71%
130,"駒沢 颯
茨城 - PG",28,39,731.6,102.06,112.33,-10.28,21.41%,44.32%,42.97%,54.30%,5.08%,1.18,16.28%
131,"佐土原 遼
琉球 - SF/PF",26,39,724.9,115.42,108.57,6.85,18.41%,55.38%,52.49%,44.80%,27.15%,1.35,14.47%
132,"中村 功平
茨城 - PG/SG",29,34,723.7,108.48,110.99,-2.51,18.57%,48.00%,45.96%,71.91%,11.49%,2.88,19.25%
133,"須藤 昂矢
横浜BC - SG",29,35,718.8,110.47,115.57,-5.09,13.44%,53.70%,50.97%,55.84%,21.43%,1.90,11.49%
134,"コティ・クラーク
島根 - PF",33,31,716.9,114.13,112.58,1.55,29.03%,63.01%,57.12%,33.44%,36.84%,1.82,26.45%
135,"遠藤 祐亮
宇都宮 - SG",36,39,708.5,119.09,112.67,6.41,13.75%,58.71%,58.48%,88.30%,7.02%,1.96,13.08%
136,"湧川 颯斗
三遠 - PG",22,39,706.0,114.48,110.88,3.61,17.87%,53.39%,48.94%,43.62%,30.85%,1.40,21.48%
137,"川嶋 勇人
京都 - SG",36,36,704.2,98.24,110.52,-12.28,15.43%,42.13%,40.06%,66.08%,14.04%,2.07,24.67%
138,"杉本 天昇
FE名古屋 - SG",27,39,699.1,110.40,111.40,-1.00,17.90%,54.08%,52.95%,60.34%,14.77%,2.54,9.85%
139,"船生 誠也
仙台 - PG/SG",32,34,696.4,111.36,111.04,0.32,11.31%,59.27%,56.59%,57.36%,20.93%,2.27,15.51%
140,"小寺 ハミルトンゲイリー
越谷 - C",41,30,695.0,100.09,104.97,-4.88,8.84%,48.94%,50.72%,2.90%,21.74%,2.04,31.63%
141,"ザック・バランスキー
A東京 - SF/PF",33,39,694.0,110.93,111.10,-0.17,17.34%,44.06%,43.06%,68.42%,7.18%,1.45,12.14%
142,"アラン・ウィリアムズ
名古屋D - C",33,39,689.7,111.17,96.31,14.86,25.23%,50.74%,45.69%,1.03%,43.79%,1.36,16.32%
143,"高島 紳司
宇都宮 - SG",25,34,689.1,121.71,107.55,14.16,13.31%,53.68%,52.60%,79.19%,5.20%,2.07,8.17%
144,"森井 健太
横浜BC - PG",30,35,677.5,111.15,116.09,-4.93,9.21%,52.37%,51.92%,69.23%,23.08%,2.87,34.12%
145,"金丸 晃輔
佐賀 - SF",37,30,675.1,119.42,113.87,5.55,18.69%,63.87%,61.14%,65.07%,17.47%,1.50,7.29%
146,"フランシス・ロペス
FE名古屋 - SF",23,39,665.6,107.37,114.49,-7.12,19.13%,53.00%,50.49%,12.62%,33.98%,0.67,7.53%
147,"内尾 聡理
佐賀 - PG/SG",25,39,662.2,104.43,111.76,-7.32,11.42%,46.53%,44.92%,55.08%,16.95%,1.75,13.49%
148,"飯田 遼
川崎 - SG/SF",31,39,659.1,105.13,116.96,-11.83,14.70%,54.43%,53.09%,85.39%,7.30%,2.27,10.03%
149,"吉井 裕鷹
三遠 - SF",27,27,655.9,113.24,113.74,-0.50,18.28%,54.26%,51.62%,48.15%,28.70%,2.18,11.11%
150,"ジョシュ・ハレルソン
佐賀 - C/PF",37,30,650.4,109.67,108.93,0.75,16.51%,48.30%,47.96%,65.82%,9.18%,2.48,14.57%
151,"坂本 聖芽
大阪 - PG/SG",26,39,649.7,112.28,113.99,-1.71,14.46%,48.40%,46.55%,44.14%,17.24%,2.19,27.61%
152,"久保田 義章
三河 - PG",28,33,649.2,117.37,107.26,10.11,21.77%,54.57%,50.68%,51.82%,25.45%,3.15,36.81%
153,"アイザイア・マーフィー
名古屋D - PG/SG",28,36,648.0,109.77,98.29,11.49,13.64%,50.28%,47.94%,62.94%,14.71%,2.13,9.68%
154,"テレンス・ウッドベリー
群馬 - SF/PF",38,26,647.8,115.04,107.03,8.00,25.89%,59.10%,57.92%,39.62%,14.34%,1.02,15.35%
155,"鶴巻 啓太
茨城 - SG/SF",30,39,633.2,100.83,112.05,-11.22,10.42%,33.08%,31.78%,43.93%,10.28%,2.15,13.71%
156,"トーマス・ウェルシュ
SR渋谷 - C",30,30,633.0,109.55,108.91,0.65,17.46%,56.82%,56.57%,0.00%,26.26%,2.08,7.83%
157,"セクー・ドゥムブヤ
越谷 - SF/PF",25,22,618.8,101.91,108.00,-6.09,33.61%,54.86%,51.62%,33.24%,26.18%,0.79,14.56%
158,"トーマス・ケネディ
三河 - SF/PF",39,39,618.4,119.97,111.36,8.61,21.25%,62.34%,59.61%,52.40%,17.90%,0.94,5.34%
159,"アリ・メザー
秋田 - PG",32,39,609.1,98.65,115.53,-16.88,23.32%,49.44%,47.09%,25.24%,12.62%,1.56,43.59%
160,"根本 大
三遠 - PG",23,37,608.8,114.46,109.53,4.93,16.75%,62.59%,60.65%,61.94%,18.71%,1.27,18.12%
161,"常田 耕平
滋賀 - PG",26,37,607.6,107.49,115.35,-7.86,10.73%,52.35%,52.03%,72.36%,5.69%,2.29,10.89%
162,"岡島 和真
仙台 - PG",22,37,606.7,108.74,110.16,-1.42,15.95%,39.99%,37.04%,58.02%,14.81%,2.56,24.57%
163,"古川 孝敏
京都 - SG/SF",38,32,604.7,99.57,113.35,-13.78,20.35%,53.71%,50.00%,48.73%,20.81%,1.23,12.51%
164,"木下 誠
大阪 - PG/SG",29,38,598.4,110.24,116.82,-6.58,17.96%,51.26%,50.00%,58.15%,12.50%,2.00,23.60%
165,"澁田 怜音
京都 - PG",27,34,598.3,99.40,117.77,-18.37,26.66%,46.96%,45.56%,52.51%,10.04%,2.00,28.02%
166,"小野寺 祥太
琉球 - PG/SG",31,39,595.0,120.16,106.64,13.52,11.28%,50.90%,49.61%,72.87%,4.65%,4.14,20.45%
167,"市場 脩斗
北海道 - PG/SG",23,39,590.4,122.23,116.83,5.40,19.96%,53.53%,47.47%,48.88%,49.44%,1.19,16.80%
168,"宮本 一樹
富山 - SF/PF",26,39,586.2,106.43,118.23,-11.80,11.95%,42.41%,39.93%,82.09%,18.66%,1.62,7.54%
169,"須田 侑太郎
三河 - SG/SF",34,37,582.0,123.61,109.31,14.30,14.64%,56.34%,54.75%,73.42%,6.33%,2.50,11.69%
170,"河田 チリジ
三遠 - C",36,38,580.3,110.50,109.38,1.12,14.25%,52.22%,48.21%,0.00%,54.46%,0.47,6.45%
171,"トレイ・ジョーンズ
群馬 - SF",35,23,578.4,119.92,108.38,11.54,23.39%,62.54%,58.73%,48.58%,26.42%,2.51,30.16%
172,"野本 大智
滋賀 - PG",27,31,571.9,103.94,115.84,-11.90,20.89%,51.78%,47.89%,46.84%,26.84%,1.90,32.89%
173,"鈴木 達也
大阪 - PG",35,39,556.6,109.37,110.59,-1.23,15.14%,56.18%,55.56%,60.74%,24.44%,3.25,35.66%
174,"竹内 譲次
大阪 - C/PF",41,39,553.1,102.48,115.26,-12.77,13.52%,51.29%,44.12%,24.51%,52.94%,1.22,13.46%
175,"山崎 稜
広島 - SG",33,39,546.0,115.64,116.43,-0.79,11.73%,47.98%,45.34%,85.59%,13.56%,1.20,4.45%
176,"髙比良 寛治
秋田 - SG",32,39,545.0,98.80,120.18,-21.37,11.48%,50.37%,49.53%,59.81%,13.08%,2.23,11.21%
177,"西田 陽成
滋賀 - SG",24,35,543.1,110.47,113.32,-2.84,13.71%,50.44%,48.44%,69.53%,15.63%,1.04,9.90%
178,"キング 開
横浜BC - PG/SG",26,39,542.4,108.46,118.94,-10.48,15.57%,47.56%,45.95%,33.11%,14.86%,1.76,11.42%
179,"荒谷 裕秀
仙台 - SG/SF",27,37,539.3,111.19,108.93,2.26,18.65%,51.63%,51.21%,48.48%,11.52%,1.18,18.83%
180,"関野 剛平
北海道 - SG/SF",31,39,538.2,114.46,116.79,-2.34,11.78%,50.18%,48.57%,71.43%,14.29%,2.13,18.80%
181,"岡田 泰希
滋賀 - PG/SG",26,38,534.5,112.33,118.54,-6.21,19.76%,51.76%,50.25%,73.23%,11.11%,2.11,14.70%
182,"田代 直希
千葉J - SG/SF",32,38,528.8,119.49,101.08,18.41,8.21%,57.07%,55.22%,55.22%,16.42%,2.00,12.60%
183,"大倉 颯太
A東京 - PG/SG",27,32,522.8,111.97,110.06,1.90,17.22%,50.16%,48.43%,56.69%,18.90%,1.43,24.00%
184,"杉浦 佑成
仙台 - SF",30,37,522.8,114.87,108.22,6.65,13.73%,45.38%,43.18%,79.55%,13.64%,1.70,7.03%
185,"須藤 タイレル拓
FE名古屋 - PG/SG",25,34,522.5,109.54,109.49,0.05,19.26%,56.44%,53.96%,50.61%,19.51%,1.12,15.18%
186,"角野 亮伍
三河 - SG/SF",29,39,516.7,111.02,110.11,0.91,23.80%,55.74%,53.45%,60.59%,16.75%,1.08,10.15%
187,"加藤 嵩都
名古屋D - PG",26,39,514.2,112.40,96.16,16.24,17.30%,51.74%,47.90%,62.24%,23.08%,1.55,23.33%
188,"大庭 岳輝
越谷 - SG",28,38,512.8,101.83,106.37,-4.55,18.82%,48.65%,48.00%,69.71%,2.29%,1.07,6.86%
189,"赤穂 雷太
秋田 - SG/SF",27,24,510.1,102.62,117.52,-14.89,15.98%,46.50%,43.26%,62.41%,20.57%,1.63,10.74%
190,"ブランドン・アシュリー
A千葉 - C/PF",31,18,508.5,107.72,110.06,-2.34,23.43%,55.64%,50.00%,20.21%,35.64%,1.32,19.85%
191,"ヴォーディミル・ゲルン
大阪 - C/PF",32,26,506.0,110.73,107.14,3.59,21.19%,56.63%,54.91%,4.91%,47.24%,1.69,16.60%
192,"グラント・ジェレット
宇都宮 - PF",32,23,504.6,118.39,115.81,2.58,21.31%,56.03%,54.26%,56.38%,12.23%,1.89,12.96%
193,"菅原 佳依
越谷 - SF",23,36,503.0,98.27,108.04,-9.77,10.98%,43.62%,41.48%,72.73%,12.50%,1.47,12.24%
194,"瀬川 琉久
千葉J - PG",19,39,501.5,109.85,109.31,0.54,24.72%,47.20%,42.74%,25.70%,29.61%,1.33,28.53%
195,"岡田 大河
川崎 - PG",22,37,501.4,104.56,117.79,-13.23,22.23%,48.16%,45.39%,13.82%,16.45%,1.88,46.53%
196,"田中 晴瑛
富山 - PG",23,30,501.2,110.61,119.24,-8.63,12.19%,40.38%,35.45%,49.09%,20.91%,2.88,20.56%
197,"鎌田 裕也
越谷 - C/PF",36,39,500.5,98.93,116.59,-17.66,7.08%,53.96%,52.83%,56.60%,15.09%,1.54,8.78%
198,"ホール 百音 アレックス
京都 - SF",27,39,496.3,99.66,111.53,-11.87,19.37%,46.10%,44.23%,44.87%,19.23%,1.15,15.65%
199,"佐藤 涼成
広島 - PG",22,25,487.9,119.16,111.30,7.87,16.63%,52.24%,50.74%,67.41%,19.26%,2.39,27.82%
200,"ヤン ジェミン
茨城 - SF",26,39,486.3,102.23,111.01,-8.78,15.02%,46.05%,45.58%,51.33%,19.47%,1.00,10.38%
201,"渡辺 竜之佑
京都 - PG/SG",31,36,477.9,100.66,116.52,-15.87,9.67%,32.35%,30.00%,38.18%,21.82%,2.09,30.37%
202,"竹内 公輔
宇都宮 - C/PF",41,39,476.1,114.11,113.09,1.02,10.50%,46.34%,40.85%,40.24%,32.93%,1.88,5.73%
203,"菅原 暉
秋田 - PG",28,38,475.6,104.56,118.84,-14.28,18.05%,42.24%,38.81%,39.55%,15.67%,3.13,41.65%
204,"野﨑 零也
SR渋谷 - SG",30,35,470.4,101.91,121.84,-19.94,13.69%,51.27%,47.09%,50.49%,22.33%,1.94,14.76%
205,"金近 廉
千葉J - SF",23,28,469.2,113.33,105.88,7.44,16.18%,58.99%,58.70%,71.74%,7.25%,2.73,12.53%
206,"オマール・ジャマレディン
川崎 - SG/SF",25,29,464.4,98.39,110.99,-12.60,24.20%,37.87%,34.72%,37.22%,27.78%,1.34,23.02%
207,"水野 幹太
川崎 - PG/SG",27,36,462.9,102.13,116.87,-14.75,15.42%,36.89%,36.26%,31.87%,16.48%,1.30,25.62%
208,"脇 真大
琉球 - SG",24,27,459.6,111.69,102.97,8.72,18.61%,42.22%,37.19%,19.01%,39.67%,1.56,27.84%
209,"ヤンテ・メイテン
三遠 - PF",29,16,457.8,111.64,105.37,6.28,28.34%,58.59%,54.95%,16.67%,66.67%,1.34,18.50%
210,"チェハーレス・タプスコット
京都 - PF",35,25,456.8,97.40,110.84,-13.44,19.99%,44.62%,44.29%,28.57%,12.86%,1.60,30.88%
211,"レイナルド・ガルシア
佐賀 - PG",36,18,454.9,120.44,107.74,12.70,25.25%,64.61%,58.90%,20.25%,70.55%,2.62,27.24%
212,"トロイ・マーフィージュニア
SR渋谷 - SG/SF",23,29,454.1,104.31,113.63,-9.32,15.07%,38.63%,37.30%,55.74%,9.02%,1.73,11.36%
213,"アンジェロ・カロイアロ
京都 - SF/PF",36,17,452.3,109.74,117.81,-8.07,25.12%,72.10%,65.87%,23.95%,58.68%,1.97,29.38%
214,"伊藤 達哉
広島 - PG",31,28,451.3,115.69,105.52,10.17,14.51%,45.43%,44.15%,30.85%,20.21%,2.25,40.40%
215,"松崎 裕樹
横浜BC - SG/SF",25,39,448.1,107.34,117.26,-9.92,12.02%,42.83%,42.13%,50.56%,11.24%,1.20,8.29%
216,"牧 隼利
大阪 - PG/SG",28,24,445.7,108.12,108.63,-0.51,15.60%,58.41%,58.49%,58.49%,11.32%,1.41,17.56%
217,"平松 克樹
FE名古屋 - PG",24,39,441.2,100.56,114.37,-13.82,17.89%,44.97%,43.81%,49.56%,5.31%,1.47,32.64%
218,"中東 泰斗
名古屋D - SG",33,26,437.2,113.29,100.45,12.84,14.20%,51.85%,49.55%,51.79%,13.39%,2.76,19.84%
219,"江原 信太朗
滋賀 - SF",24,37,435.4,103.51,119.13,-15.62,10.77%,48.28%,47.80%,79.12%,5.49%,1.22,5.22%
220,"喜多川 修平
越谷 - SF",40,38,432.0,102.73,104.84,-2.11,13.53%,59.03%,55.43%,63.04%,21.74%,1.07,8.14%
221,"合田 怜
大阪 - PG/SG",32,39,428.1,106.83,110.80,-3.97,9.12%,39.00%,38.57%,70.00%,10.00%,2.25,8.02%
222,"土屋 アリスター時生
秋田 - PF",30,39,427.3,94.33,117.47,-23.14,12.64%,55.59%,54.44%,0.00%,6.67%,0.89,8.38%
223,"キャメロン・ジャクソン
三遠 - C/PF",30,21,427.1,116.52,118.03,-1.51,24.20%,57.33%,53.80%,6.96%,47.47%,1.89,23.52%
224,"アンドリュー・ランダル
SR渋谷 - SF",36,21,425.3,108.64,110.02,-1.38,19.27%,52.00%,39.50%,39.50%,64.71%,2.35,21.92%
225,"井上 諒汰
佐賀 - SF",31,30,421.3,113.85,109.79,4.05,11.97%,55.57%,54.65%,79.07%,8.14%,1.76,12.98%
226,"熊谷 尚也
A千葉 - SF",35,39,420.1,109.84,115.68,-5.84,16.04%,48.80%,48.74%,50.42%,1.68%,0.68,7.56%
227,"ダリアス・デイズ
三遠 - PF",26,19,417.8,120.75,115.17,5.58,24.05%,61.72%,58.15%,67.42%,23.03%,0.79,7.07%
228,"木田 貴明
A千葉 - SF",30,20,413.3,107.27,116.36,-9.09,19.69%,55.28%,53.10%,54.48%,15.17%,1.25,11.31%
229,"福澤 晃平
A東京 - PG/SG",33,38,410.4,105.53,108.71,-3.18,17.88%,54.15%,52.97%,71.19%,11.02%,1.33,14.60%
230,"デイミアン・ドットソン
琉球 - SG",32,20,409.7,116.67,112.40,4.27,24.80%,58.95%,54.78%,58.99%,18.54%,1.14,12.80%
231,"笹山 貴哉
FE名古屋 - PG",33,24,406.6,112.10,113.41,-1.31,23.36%,51.16%,50.31%,68.71%,9.82%,2.18,36.96%
232,"荒川 颯
琉球 - PG/SG",28,39,405.8,107.46,106.92,0.54,20.44%,46.03%,44.22%,78.91%,9.52%,1.90,20.68%
233,"介川 アンソニー翔
島根 - SF/PF",22,39,404.4,107.72,110.20,-2.49,15.16%,42.51%,37.64%,51.69%,46.07%,1.39,11.49%
234,"久岡 幸太郎
茨城 - PG",29,39,397.8,104.36,111.75,-7.40,12.57%,40.51%,39.47%,61.84%,23.68%,2.28,20.81%
235,"ジャメール・マクリーン
秋田 - C/PF",38,19,397.3,105.22,118.39,-13.17,18.41%,59.60%,53.41%,12.50%,97.73%,1.46,18.56%
236,"菊地 広人
北海道 - PG/SG",24,39,397.3,119.19,111.98,7.21,16.53%,53.30%,49.12%,71.05%,28.95%,2.50,14.98%
237,"長谷川 比源
滋賀 - SF/PF",21,39,389.3,106.64,115.69,-9.06,15.35%,44.67%,44.55%,30.00%,10.91%,0.79,7.97%
238,"シェーファー アヴィ幸樹
三河 - C",28,32,388.9,114.09,109.66,4.43,8.18%,50.95%,46.94%,10.20%,36.73%,1.29,4.50%
239,"アイラ・ブラウン
京都 - SF/PF",43,31,379.9,100.08,111.90,-11.82,14.57%,39.16%,36.21%,34.48%,19.54%,0.80,10.76%
240,"鵤 誠司
宇都宮 - PG",32,37,379.2,115.60,110.19,5.41,16.64%,46.33%,44.25%,57.47%,26.44%,2.09,34.02%
241,"晴山 ケビン
広島 - SF",33,33,373.4,119.62,117.04,2.58,12.66%,49.01%,46.84%,88.42%,9.47%,1.00,3.26%
242,"白濱 僚祐
島根 - SG/SF",34,28,373.3,107.04,107.68,-0.64,10.13%,41.07%,39.34%,39.34%,13.11%,1.36,9.46%
243,"小島 元基
茨城 - PG",32,30,372.1,107.18,114.53,-7.35,18.12%,54.41%,47.96%,48.98%,30.61%,2.83,36.90%
244,"上澤 俊喜
広島 - PG",27,38,365.8,112.68,117.98,-5.30,14.32%,52.03%,50.61%,82.93%,9.76%,1.67,22.15%
245,"長谷川 技
川崎 - SF",36,38,365.3,103.06,120.40,-17.34,6.83%,56.45%,52.86%,71.43%,14.29%,1.50,9.58%
246,"市岡 ショーン
滋賀 - C/PF",35,38,364.0,101.91,116.28,-14.37,6.53%,45.10%,44.44%,5.56%,66.67%,1.52,23.29%
247,"小川 敦也
宇都宮 - PG",23,21,361.3,116.81,114.49,2.32,19.56%,43.19%,39.55%,41.82%,19.09%,2.21,32.19%
248,"山内 ジャヘル琉人
川崎 - SG",23,23,360.8,105.11,116.39,-11.28,19.55%,47.18%,45.26%,47.41%,30.17%,1.47,11.85%
249,"崎濱 秀斗
琉球 - PG",21,38,356.8,111.83,105.12,6.71,13.02%,44.02%,38.97%,39.71%,30.88%,2.76,27.63%
250,"ヨハネス・ティーマン
群馬 - PF",32,17,354.0,119.92,109.67,10.26,21.89%,63.91%,60.59%,20.34%,36.44%,2.00,21.19%
251,"大崎 裕太
A千葉 - PG/SG",31,38,348.9,106.24,114.95,-8.71,17.73%,45.82%,44.66%,51.46%,3.88%,2.08,27.86%
252,"中村 浩陸
A東京 - PG/SG",28,19,347.4,112.89,107.27,5.62,17.17%,55.33%,48.80%,43.37%,32.53%,1.50,21.02%
253,"マシュー・アキノ
富山 - PF",29,39,345.4,100.47,126.05,-25.58,13.86%,42.65%,41.18%,82.35%,4.71%,0.50,5.48%
254,"藤永 佳昭
富山 - PG",34,38,342.3,102.71,123.65,-20.94,10.16%,32.28%,32.41%,66.67%,7.41%,2.14,28.88%
255,"小澤 飛悠
名古屋D - SF",21,37,340.8,109.71,96.55,13.16,20.91%,46.11%,43.36%,64.34%,13.99%,1.78,8.66%
256,"狩俣 昌也
長崎 - PG",38,39,332.7,117.63,103.37,14.26,10.43%,47.44%,47.33%,94.67%,2.67%,3.17,9.83%
257,"チェイス・フィーラー
A東京 - PF",33,16,325.4,115.07,107.51,7.56,16.13%,59.16%,54.76%,27.38%,35.71%,3.18,20.14%
258,"栗原 翼
秋田 - PG/SG",28,27,312.3,102.01,120.15,-18.13,20.58%,53.58%,50.58%,33.72%,26.74%,1.47,35.76%
259,"スティーブ・ザック
三遠 - C",33,11,307.2,110.07,110.09,-0.02,19.39%,51.85%,50.61%,6.10%,42.68%,1.03,19.88%
260,"井上 宗一郎
仙台 - PF",27,39,306.6,108.76,114.80,-6.04,13.71%,47.64%,43.33%,73.33%,24.00%,1.43,7.05%
261,"植松 義也
大阪 - SF/PF",27,37,306.6,102.21,114.75,-12.54,14.61%,43.36%,43.83%,54.32%,2.47%,0.90,5.60%
262,"タナー・ライスナー
秋田 - PF",30,13,306.2,103.17,116.64,-13.47,17.59%,57.31%,53.41%,35.23%,34.09%,1.40,9.63%
263,"児玉 ジュニア
三遠 - PG/SG",20,39,301.1,109.85,111.28,-1.43,22.88%,37.34%,34.02%,48.36%,17.21%,1.57,23.55%
264,"淺野 ケニー
群馬 - SF",23,39,275.9,121.65,109.84,11.81,14.81%,59.99%,58.33%,46.97%,16.67%,1.33,8.16%
265,"星野 京介
北海道 - SG",26,39,268.8,110.09,120.75,-10.67,13.12%,36.03%,33.96%,35.85%,22.64%,1.63,19.19%
266,"マイケル・オウ
千葉J - C",27,27,267.1,104.87,109.53,-4.65,13.20%,63.15%,63.16%,0.00%,31.58%,0.86,4.40%
267,"半澤 凌太
仙台 - SF",26,39,265.7,110.99,115.83,-4.85,8.75%,39.02%,38.57%,54.29%,5.71%,0.36,3.25%
268,"張本 天傑
名古屋D - SF/PF",34,39,265.4,100.98,94.67,6.31,13.82%,39.60%,35.83%,60.00%,16.67%,0.71,8.34%
269,"水戸 健史
富山 - SG",41,37,260.7,100.75,110.96,-10.20,9.43%,45.28%,37.50%,67.50%,42.50%,1.67,8.07%
270,"テーブス 海
A東京 - PG",27,11,254.7,120.38,106.14,14.24,24.46%,55.07%,53.43%,40.20%,21.57%,3.47,43.39%
271,"大塚 裕土
A千葉 - SG",38,36,252.8,108.16,110.43,-2.27,16.45%,57.35%,56.41%,88.46%,11.54%,1.00,6.65%
272,"田原 隆徳
滋賀 - PG",32,38,248.3,96.95,122.90,-25.95,17.70%,46.83%,43.59%,64.10%,15.38%,2.10,17.49%
273,"北川 弘
島根 - PG",34,35,244.1,112.99,111.02,1.98,14.18%,39.14%,37.72%,71.93%,7.02%,2.00,16.76%
274,"ロバーツ ケイン
広島 - PG/SG",23,36,238.6,110.76,118.63,-7.87,17.55%,51.34%,50.69%,54.17%,12.50%,0.88,11.89%
275,"寺嶋 良
広島 - PG",28,13,238.5,118.63,116.22,2.41,16.93%,42.01%,36.76%,38.24%,35.29%,2.73,25.49%
276,"渡邉 伶音
A千葉 - SF/PF",20,35,232.3,108.17,115.99,-7.82,17.11%,41.84%,37.31%,49.25%,40.30%,0.33,1.61%
277,"ジャワラ ジョゼフ
越谷 - PF",28,34,231.5,99.35,111.27,-11.92,17.53%,50.06%,46.43%,23.21%,32.14%,0.69,10.44%
278,"轟 琉維
佐賀 - PG",22,11,227.7,122.27,116.34,5.93,19.62%,58.96%,53.95%,59.21%,26.32%,4.43,24.81%
279,"山内 盛久
SR渋谷 - PG",36,39,224.7,111.90,113.89,-1.99,13.57%,37.10%,33.33%,60.00%,17.78%,2.07,27.37%
280,"ディディ・ロウザダ
SR渋谷 - SF",26,8,224.7,107.08,109.39,-2.31,26.67%,48.93%,47.52%,44.55%,11.88%,1.22,19.42%
281,"野本 建吾
川崎 - PF",34,33,224.5,101.96,113.19,-11.24,15.61%,55.48%,51.92%,30.77%,32.69%,1.50,15.59%
282,"星川 開聖
宇都宮 - SF",21,30,224.1,111.91,110.30,1.61,21.54%,53.19%,50.00%,46.84%,21.52%,0.90,7.30%
283,"四家 魁人
越谷 - PG",24,30,223.4,106.27,113.90,-7.63,14.61%,51.10%,46.88%,56.25%,22.92%,2.45,26.56%
284,"チェイス・フィーラー
佐賀 - PF",33,15,219.8,106.58,111.33,-4.75,19.18%,55.79%,51.52%,36.36%,22.73%,2.42,24.04%
285,"兪 龍海
横浜BC - SF",24,34,217.9,99.75,116.76,-17.01,13.86%,37.99%,36.00%,40.00%,18.00%,1.25,9.47%
286,"田口 成浩
秋田 - SG",36,12,210.6,110.15,116.85,-6.70,17.61%,53.07%,51.59%,74.60%,17.46%,0.90,9.01%
287,"狩野 富成
SR渋谷 - C",24,39,207.0,96.68,119.54,-22.85,14.06%,44.35%,41.86%,0.00%,34.88%,0.60,5.75%
288,"カイ・ソット
越谷 - C",24,9,204.2,107.23,117.37,-10.14,26.79%,47.91%,41.98%,6.17%,33.33%,1.57,23.68%
289,"松本 健児リオン
長崎 - SG",32,29,202.1,122.94,106.48,16.46,8.90%,64.68%,60.87%,8.70%,78.26%,1.67,8.52%
290,"石井 講祐
三河 - SG",38,39,200.2,113.98,119.00,-5.02,17.54%,49.97%,44.83%,86.21%,27.59%,3.83,22.33%
291,"オルフェミ・オルジョビ
A千葉 - PF",30,12,199.9,103.62,123.80,-20.19,27.16%,58.32%,52.35%,28.24%,31.76%,0.56,9.35%
292,"コー・フリッピン
群馬 - PG/SG",30,21,197.9,113.35,106.38,6.97,23.21%,41.67%,41.18%,8.82%,29.41%,1.95,36.96%
293,"谷口 光貴
横浜BC - SG/SF",33,38,193.7,116.33,113.88,2.45,23.43%,55.93%,55.26%,80.26%,2.63%,0.27,3.20%
294,"谷口 大智
群馬 - C/PF",36,39,190.0,115.00,103.86,11.14,15.51%,63.04%,62.24%,87.76%,8.16%,1.00,5.92%
295,"川真田 紘也
長崎 - C",27,35,187.4,109.40,114.11,-4.71,16.80%,70.80%,61.36%,0.00%,68.18%,0.08,0.92%
296,"アンドリュー・ランダル
琉球 - SF",36,8,185.6,121.04,108.31,12.73,21.30%,56.97%,47.37%,28.07%,73.68%,2.38,21.47%
297,"富山 仁貴
佐賀 - SF/PF",23,39,177.8,109.63,113.33,-3.70,17.83%,29.68%,22.12%,69.23%,23.08%,0.73,8.20%
298,"ケニー・ローソン・ジュニア
群馬 - C",37,10,177.5,115.63,110.93,4.70,16.94%,58.95%,55.10%,46.94%,24.49%,4.50,19.02%
299,"平岩 玄
A東京 - C",28,36,175.3,110.06,102.99,7.07,9.13%,44.43%,47.83%,4.35%,17.39%,0.75,6.41%
300,"岸田 篤生
佐賀 - PG",30,32,171.3,112.80,111.57,1.23,23.69%,65.12%,55.26%,52.63%,54.39%,1.54,21.28%
301,"葛原 大智
富山 - SG/SF",30,27,170.9,110.33,116.21,-5.88,9.43%,63.07%,60.87%,39.13%,78.26%,0.80,4.92%
302,"木林 優
北海道 - PF",24,33,170.3,119.90,119.34,0.56,14.35%,41.16%,37.18%,7.69%,20.51%,0.70,8.16%
303,"浅井 英矢
三遠 - SF",23,17,168.1,107.02,115.08,-8.07,10.03%,64.29%,64.29%,74.29%,0.00%,0.50,1.17%
304,"オルフェミ・オルジョビ
島根 - PF",30,8,160.3,103.45,106.87,-3.42,27.41%,53.15%,46.88%,46.88%,50.00%,0.91,11.59%
305,"渡部 琉
広島 - SF",25,12,160.0,111.56,112.16,-0.60,17.74%,57.77%,55.21%,70.83%,10.42%,1.38,13.93%
306,"星川 堅信
長崎 - SF",24,37,158.7,113.78,109.18,4.60,11.14%,52.95%,52.86%,74.29%,5.71%,3.00,13.02%
307,"横地 聖真
島根 - SF",24,14,152.4,113.96,111.66,2.30,10.56%,43.89%,43.75%,54.17%,20.83%,1.00,7.32%
308,"ジェフリー・パーマー
越谷 - PF",41,10,148.7,94.80,111.69,-16.89,21.87%,41.13%,34.44%,42.22%,24.44%,0.88,20.69%
309,"ジェフ・ギブス
千葉J - C/PF",45,9,148.3,110.55,113.87,-3.32,15.28%,59.67%,55.00%,16.67%,26.67%,1.00,15.85%
310,"マリアル・シャヨク
A千葉 - SG/SF",30,9,141.5,121.71,111.50,10.21,31.30%,67.96%,65.44%,47.06%,16.18%,0.65,14.53%
311,"ケヴェ・アルマ
琉球 - C/PF",27,7,139.6,115.49,106.15,9.34,26.88%,56.68%,52.50%,50.00%,30.00%,0.62,12.02%
312,"クエンティン・ミロラ・ブラウン
千葉J - C",25,9,137.2,106.27,113.47,-7.20,9.86%,55.38%,45.00%,5.00%,60.00%,2.50,14.29%
313,"佐々木 隆成
三遠 - PG/SG",30,8,131.4,118.83,103.24,15.59,23.41%,53.44%,52.54%,67.80%,3.39%,3.63,43.47%
314,"小野 龍猛
京都 - SF",38,35,123.1,101.91,124.39,-22.47,8.63%,39.28%,36.84%,78.95%,31.58%,3.50,11.62%
315,"盛實 海翔
北海道 - SG",28,36,122.0,113.84,121.84,-8.01,16.33%,42.33%,41.43%,60.00%,2.86%,2.00,26.02%
316,"森田 雄次
長崎 - PG",29,35,118.5,110.05,115.55,-5.51,17.91%,59.38%,57.14%,67.86%,39.29%,2.00,37.79%
317,"ラシード ファラーズ
京都 - SF/PF",28,21,118.2,105.39,128.09,-22.70,6.68%,69.65%,63.64%,0.00%,54.55%,0.75,5.19%
318,"西田 公陽
三河 - SG",24,37,116.8,112.75,112.72,0.04,13.00%,31.99%,28.95%,42.11%,15.79%,1.09,19.97%
319,"前野 幹太
横浜BC - SF/PF",23,39,115.6,112.47,120.69,-8.22,7.82%,43.10%,45.45%,18.18%,36.36%,0.60,5.36%
320,"伊久江 ロイ英輝
川崎 - SF/PF",21,31,113.5,102.44,121.75,-19.31,20.80%,51.92%,50.00%,8.57%,22.86%,0.33,3.42%
321,"小針 幸也
琉球 - PG",27,29,108.7,115.08,110.70,4.38,18.06%,43.86%,38.89%,55.56%,22.22%,1.00,21.23%
322,"岡本 飛竜
島根 - PG",33,26,100.7,105.77,117.02,-11.25,5.80%,15.18%,16.67%,66.67%,22.22%,2.50,9.23%