順位,選手,クラブ,G,GS,MIN,MINPG,PTS,FGM,FGA,FG%,2FGM,2FGA,2FG%,3FGM,3FGA,3FG%,FTM,FTA,FT%,OR,DR,TR,AS,TO,ST,BS,BSR,F,FD,EFF,+/-
1,"ジャレット・カルバー
#8SG/SF",仙台,39,39,1203:02,30:50,990,335,722,46.4%,240,434,55.3%,95,288,33.0%,225,268,84.0%,47,194,241,127,102,62,20,31,75,241,1042,77
2,"スタンリー・ジョンソン
#14SF",長崎,38,6,1040:33,27:22,877,299,664,45.0%,192,354,54.2%,107,310,34.5%,172,211,81.5%,46,184,230,145,114,70,7,22,94,204,898,437
3,"トレイ・ケル
#8SG",富山,32,22,917:19,28:39,744,220,498,44.2%,153,298,51.3%,67,200,33.5%,237,272,87.1%,33,176,209,130,73,49,8,10,65,235,914,-43
4,"D.J・ニュービル
#25PG/SG",宇都宮,38,35,1174:01,30:53,733,255,527,48.4%,129,201,64.2%,126,326,38.7%,97,143,67.8%,22,157,179,253,97,47,9,13,77,157,872,257
5,"クリストファー・スミス
#8SG/SF",広島,39,10,1027:14,26:20,718,221,472,46.8%,127,207,61.4%,94,265,35.5%,182,221,82.4%,37,146,183,122,62,42,11,14,86,203,826,42
6,"富永 啓生
#30SG",北海道,39,38,1010:12,25:54,716,255,575,44.3%,169,323,52.3%,86,252,34.1%,120,144,83.3%,17,84,101,84,68,46,0,27,64,167,609,108
7,"マット・ボンズ
#5PF",大阪,31,30,1017:32,32:49,708,254,528,48.1%,197,335,58.8%,57,193,29.5%,143,179,79.9%,72,186,258,102,75,44,7,31,66,186,822,-80
8,"デイビッド・ヌワバ
#2SG/SF",三遠,35,28,1093:49,31:15,698,246,462,53.2%,208,339,61.4%,38,123,30.9%,168,242,69.4%,68,191,259,139,82,66,42,8,75,229,977,103
9,"ザック・オーガスト
#0C/PF",滋賀,38,38,1030:51,27:07,679,267,497,53.7%,234,384,60.9%,33,113,29.2%,112,211,53.1%,86,236,322,99,123,59,27,23,119,199,789,-164
10,"イ ヒョンジュン
#5SG/SF",長崎,39,39,1115:43,28:36,673,232,405,57.3%,101,137,73.7%,131,268,48.9%,78,100,78.0%,54,163,217,99,40,43,18,5,85,105,830,474
11,"アーロン・ヘンリー
#11SF",名古屋D,38,38,1157:47,30:28,668,245,552,44.4%,170,358,47.5%,75,194,38.7%,103,139,74.1%,41,175,216,151,89,79,43,11,70,127,769,325
12,"セバスチャン・サイズ
#11C/PF",A東京,38,38,1074:21,28:16,667,261,457,57.1%,246,411,59.9%,15,46,32.6%,130,173,75.1%,91,178,269,57,54,26,37,17,90,150,806,161
13,"ダバンテ・ガードナー
#54C/PF",三河,39,39,1203:57,30:52,660,243,444,54.7%,187,306,61.1%,56,138,40.6%,118,135,87.4%,56,213,269,135,58,33,20,14,95,128,857,300
14,"ニック・ケイ
#4C/PF",島根,39,39,1205:49,30:55,647,237,410,57.8%,195,302,64.6%,42,108,38.9%,131,157,83.4%,107,241,348,137,50,52,28,12,56,168,1063,143
15,"ジョシュ・ホーキンソン
#8C/PF",SR渋谷,39,39,1161:51,29:47,636,224,464,48.3%,161,301,53.5%,63,163,38.7%,125,143,87.4%,72,239,311,88,54,18,36,12,62,167,870,-91
15,"アイザック・フォトゥ
#42PF",宇都宮,39,38,1053:21,27:00,636,265,423,62.6%,247,354,69.8%,18,69,26.1%,88,148,59.5%,116,163,279,78,42,22,5,15,73,169,841,184
17,"トーマス・ウィンブッシュ
#20SF/PF",滋賀,39,4,997:51,25:35,631,179,449,39.9%,112,236,47.5%,67,213,31.5%,206,245,84.1%,48,162,210,45,88,21,11,22,81,217,635,-246
17,"ブロック・モータム
#12PF",富山,37,33,1054:54,28:30,631,241,497,48.5%,174,319,54.5%,67,178,37.6%,82,110,74.5%,52,171,223,107,91,43,13,23,83,114,649,-189
19,"ダミアン・イングリス
#4C/PF",横浜BC,38,31,1120:48,29:29,627,255,517,49.3%,232,449,51.7%,23,68,33.8%,94,128,73.4%,40,292,332,181,103,50,21,9,106,153,846,-51
20,"マーカス・フォスター
#17SG",A東京,39,28,1057:39,27:07,624,227,507,44.8%,134,260,51.5%,93,247,37.7%,77,125,61.6%,19,107,126,138,87,24,8,17,83,118,521,150
順位,選手,クラブ,試合数,,プレイ時間,,得点,フィールドゴール,,,2Pt,,,3Pt,,,フリースロー,,,リバウンド,,,アシスト,ターンオーバー,スティール,ブロック,,ファウル,,貢献度,
,,,G,GS,MIN,MINPG,PTS,FGM,FGA,FG%,2FGM,2FGA,2FG%,3FGM,3FGA,3FG%,FTM,FTA,FT%,OR,DR,TR,AS,TO,ST,BS,BSR,F,FD,EFF,+/-
21,"ジャリル・オカフォー
#22C",北海道,39,38,1120:08,28:43,621,256,398,64.3%,251,378,66.4%,5,20,25.0%,104,147,70.7%,108,205,313,123,76,9,11,15,46,139,894,114
22,"ドウェイン・エバンス
#13SF/PF",広島,39,34,1063:06,27:15,620,223,456,48.9%,179,316,56.6%,44,140,31.4%,130,202,64.4%,71,226,297,187,91,36,29,24,57,231,922,92
23,"デイビッド・ダジンスキー
#23C/PF",佐賀,39,39,1182:19,30:18,609,222,436,50.9%,176,291,60.5%,46,145,31.7%,119,142,83.8%,64,160,224,96,28,32,15,8,75,145,773,28
24,"コフィ・コーバーン
#23C",広島,36,34,941:06,26:08,607,250,405,61.7%,250,405,61.7%,0,0,0.0%,107,178,60.1%,144,206,350,66,86,18,17,17,59,154,824,162
25,"ジャレル・ブラントリー
#7PF",長崎,39,39,1113:00,28:32,606,227,523,43.4%,153,294,52.0%,74,229,32.3%,78,104,75.0%,49,167,216,185,83,64,26,22,108,132,693,481
26,"キアヌ・ピンダー
#25C/PF",秋田,33,22,934:44,28:19,590,212,502,42.2%,148,319,46.4%,64,183,35.0%,102,143,71.3%,61,194,255,65,75,58,31,25,85,145,627,-278
27,"ケリー・ブラックシアー・ジュニア
#8C/PF",群馬,37,37,980:26,26:29,583,197,334,59.0%,171,275,62.2%,26,59,44.1%,163,195,83.6%,93,190,283,161,60,44,21,11,97,238,992,337
28,"ロバート・フランクス
#0SF/PF",茨城,34,32,1080:46,31:47,581,207,413,50.1%,126,227,55.5%,81,186,43.5%,86,115,74.8%,46,192,238,113,76,36,27,11,63,129,737,-87
29,"岡田 侑大
#77PG/SG",島根,35,35,1110:59,31:44,567,202,446,45.3%,121,219,55.3%,81,227,35.7%,82,101,81.2%,9,77,86,184,96,34,8,12,84,163,584,74
30,"アンソニー・クレモンズ
#5PG",越谷,39,39,1130:02,28:58,562,197,434,45.4%,114,212,53.8%,83,222,37.4%,85,120,70.8%,26,137,163,147,75,60,16,11,92,142,640,-179
31,"ライアン・ルーサー
#11C/PF",大阪,35,25,928:27,26:31,561,217,445,48.8%,162,285,56.8%,55,160,34.4%,72,92,78.3%,73,167,240,101,69,30,22,27,89,92,612,23
32,"ショーン・オマラ
#54C",FE名古屋,38,38,1203:36,31:40,560,223,384,58.1%,223,384,58.1%,0,0,0.0%,114,159,71.7%,137,263,400,106,79,33,34,16,94,200,937,-7
33,"安藤 誓哉
#3PG",横浜BC,39,39,1168:02,29:56,556,197,462,42.6%,106,196,54.1%,91,266,34.2%,71,80,88.8%,12,68,80,121,73,21,0,13,45,95,468,-234
34,"ジェイク・レイマン
#10SF/PF",三河,39,39,1040:41,26:41,551,197,381,51.7%,115,170,67.6%,82,211,38.9%,75,107,70.1%,46,197,243,63,56,49,26,8,87,126,691,122
35,"ヤニー・ウェッツェル
#10C/PF",秋田,35,35,1015:08,29:00,550,213,423,50.4%,187,354,52.8%,26,69,37.7%,98,145,67.6%,73,229,302,95,61,34,25,24,82,138,720,-235
36,"ディー・ジェイ・ホグ
#10SF/PF",千葉J,36,35,1007:46,27:59,528,184,416,44.2%,100,184,54.3%,84,232,36.2%,76,99,76.8%,64,169,233,128,74,29,29,8,82,108,636,176
37,"ドンテ・グランタム
#1PF",SR渋谷,38,37,1071:34,28:11,527,195,398,49.0%,149,278,53.6%,46,120,38.3%,91,114,79.8%,77,195,272,119,69,32,15,11,69,106,696,-135
38,"タナー・グローヴス
#22C/PF",佐賀,30,27,788:46,26:17,522,194,339,57.2%,158,262,60.3%,36,77,46.8%,98,121,81.0%,66,195,261,47,59,19,16,19,86,117,647,-85
39,"ナシール・リトル
#8SF/PF",千葉J,32,7,810:22,25:19,516,177,362,48.9%,135,225,60.0%,42,137,30.7%,120,147,81.6%,65,187,252,62,44,28,26,17,59,119,671,135
39,"ライアン・クリーナー
#4PF",滋賀,36,36,1019:58,28:19,516,190,359,52.9%,139,245,56.7%,51,114,44.7%,85,108,78.7%,66,133,199,96,84,32,28,12,108,128,603,-26
順位,選手,クラブ,試合数,,プレイ時間,,得点,フィールドゴール,,,2Pt,,,3Pt,,,フリースロー,,,リバウンド,,,アシスト,ターンオーバー,スティール,ブロック,,ファウル,,貢献度,
,,,G,GS,MIN,MINPG,PTS,FGM,FGA,FG%,2FGM,2FGA,2FG%,3FGM,3FGA,3FG%,FTM,FTA,FT%,OR,DR,TR,AS,TO,ST,BS,BSR,F,FD,EFF,+/-
41,"ドゥシャン・リスティッチ
#14C",川崎,39,30,976:06,25:01,514,214,389,55.0%,164,266,61.7%,50,123,40.7%,36,48,75.0%,68,246,314,71,52,18,22,6,74,56,676,-203
42,"エリック・ジェイコブセン
#21C/PF",茨城,38,37,1125:34,29:37,513,195,316,61.7%,188,284,66.2%,7,32,21.9%,116,173,67.1%,126,231,357,110,73,30,23,14,80,159,847,2
43,"ヴィック・ロー
#4SF/PF",琉球,31,29,886:44,28:36,497,186,409,45.5%,135,276,48.9%,51,133,38.3%,74,94,78.7%,45,184,229,125,51,31,11,3,51,125,668,234
44,"渡邊 雄太
#1SF/PF",千葉J,39,34,1030:54,26:26,495,171,402,42.5%,112,226,49.6%,59,176,33.5%,94,130,72.3%,25,150,175,73,58,31,28,7,29,128,568,200
45,"ジャモルコ・ピケット
#0SF/PF",FE名古屋,39,6,923:55,23:41,490,162,379,42.7%,113,220,51.4%,49,159,30.8%,117,143,81.8%,44,118,162,71,87,32,22,13,75,129,485,-189
46,"ヤニス・モラン
#24C/PF",富山,34,21,835:50,24:35,489,194,387,50.1%,177,332,53.3%,17,55,30.9%,84,134,62.7%,84,185,269,53,82,46,31,17,83,104,567,-173
47,"馬場 雄大
#18SG/SF",長崎,39,39,1079:22,27:40,486,171,338,50.6%,105,173,60.7%,66,165,40.0%,78,98,79.6%,56,110,166,123,58,60,16,10,91,112,616,464
48,"ドワイト・ラモス
#2SG/SF",北海道,39,37,991:27,25:25,481,176,382,46.1%,126,242,52.1%,50,140,35.7%,79,111,71.2%,37,100,137,118,55,44,19,11,77,95,513,187
49,"ジャック・クーリー
#45C",琉球,39,31,975:44,25:01,478,172,315,54.6%,171,311,55.0%,1,4,25.0%,133,173,76.9%,162,202,364,72,36,32,37,21,78,171,835,180
50,"コティ・クラーク
#1PF",島根,30,4,716:53,23:53,473,163,323,50.5%,120,215,55.8%,43,108,39.8%,104,119,87.4%,33,158,191,102,56,29,4,12,63,106,599,27
51,"デレク・パードン
#7C/PF",A千葉,39,38,1203:30,30:51,467,177,283,62.5%,177,276,64.1%,0,7,0.0%,113,157,72.0%,115,245,360,128,88,27,30,8,68,162,857,-184
52,"ロスコ・アレン
#25SF/PF",川崎,33,26,866:16,26:15,466,146,358,40.8%,104,215,48.4%,42,143,29.4%,132,182,72.5%,42,149,191,54,54,28,12,14,51,184,554,-179
53,"キーファー・ラベナ
#15PG/SG",横浜BC,39,20,862:36,22:07,463,159,344,46.2%,109,201,54.2%,50,143,35.0%,95,113,84.1%,16,61,77,135,65,34,4,12,93,123,463,95
54,"齋藤 拓実
#2PG",名古屋D,39,39,940:05,24:06,460,165,370,44.6%,86,173,49.7%,79,197,40.1%,51,66,77.3%,30,66,96,213,73,54,1,8,60,135,597,233
55,"ジェームズ・マイケル・マカドゥ
#14C/PF",島根,35,35,897:32,25:38,458,191,340,56.2%,188,328,57.3%,3,12,25.0%,73,129,56.6%,89,199,288,69,46,50,16,14,80,119,654,-17
56,"スコット・エサトン
#43C/PF",名古屋D,37,34,973:35,26:18,456,190,325,58.5%,180,276,65.2%,10,49,20.4%,66,93,71.0%,124,168,292,91,39,23,17,19,87,97,668,308
57,"松山 駿
#7PG/SG",越谷,32,30,796:03,24:52,449,151,329,45.9%,63,114,55.3%,88,215,40.9%,59,71,83.1%,14,49,63,73,52,18,1,11,87,123,387,-177
58,"レイ・パークスジュニア
#1SG",大阪,35,21,912:55,26:05,448,145,367,39.5%,82,157,52.2%,63,210,30.0%,95,115,82.6%,34,87,121,60,49,30,3,18,80,131,403,7
59,"ネイサン・ブース
#45C/PF",仙台,39,21,1000:28,25:39,447,165,327,50.5%,97,175,55.4%,68,152,44.7%,49,51,96.1%,91,128,219,99,49,39,33,7,92,60,585,77
60,"ギャビン・エドワーズ
#33PF",宇都宮,37,36,987:48,26:41,442,150,305,49.2%,85,139,61.2%,65,166,39.2%,77,119,64.7%,88,165,253,59,56,28,29,10,85,131,594,277
順位,選手,クラブ,試合数,,プレイ時間,,得点,フィールドゴール,,,2Pt,,,3Pt,,,フリースロー,,,リバウンド,,,アシスト,ターンオーバー,スティール,ブロック,,ファウル,,貢献度,
,,,G,GS,MIN,MINPG,PTS,FGM,FGA,FG%,2FGM,2FGA,2FG%,3FGM,3FGA,3FG%,FTM,FTA,FT%,OR,DR,TR,AS,TO,ST,BS,BSR,F,FD,EFF,+/-
61,"比江島 慎
#6SG",宇都宮,39,38,1025:36,26:17,440,146,339,43.1%,78,150,52.0%,68,189,36.0%,80,122,65.6%,30,70,100,187,78,44,8,14,92,162,522,207
62,"ジャレル・マーティン
#1PF",越谷,37,19,899:32,24:18,434,165,380,43.4%,131,274,47.8%,34,106,32.1%,70,103,68.0%,58,173,231,74,60,24,13,19,95,91,445,-92
63,"西田 優大
#19SG/SF",三河,38,38,885:08,23:17,428,168,358,46.9%,130,230,56.5%,38,128,29.7%,54,71,76.1%,38,52,90,128,47,28,9,30,76,79,402,139
64,"タイラー・クック
#8C/PF",茨城,33,7,755:37,22:53,426,163,294,55.4%,163,293,55.6%,0,1,0.0%,100,178,56.2%,47,178,225,90,93,19,11,13,56,151,549,-254
65,"ゲイリー・クラーク
#8PF",横浜BC,33,19,896:20,27:09,425,159,365,43.6%,87,166,52.4%,72,199,36.2%,35,50,70.0%,46,151,197,61,44,41,21,12,67,58,459,-54
66,"岸本 隆一
#14PG/SG",琉球,37,30,886:33,23:57,418,138,384,35.9%,62,138,44.9%,76,246,30.9%,66,76,86.8%,16,60,76,122,55,40,2,9,74,127,391,276
67,"保岡 龍斗
#23SG/SF",FE名古屋,39,39,1140:02,29:13,417,143,339,42.2%,66,122,54.1%,77,217,35.5%,54,67,80.6%,30,100,130,85,40,35,2,7,94,67,386,47
68,"セクー・ドゥムブヤ
#45SF/PF",越谷,22,20,618:46,28:07,416,159,340,46.8%,126,227,55.5%,33,113,29.2%,65,89,73.0%,20,160,180,41,52,25,8,13,33,96,462,-79
69,"エマニュエル・テリー
#5C/PF",川崎,39,21,1022:56,26:13,415,176,277,63.5%,162,244,66.4%,14,33,42.4%,49,71,69.0%,80,171,251,74,48,33,19,3,75,87,630,-234
70,"ジョン・ハーラー
#21C/PF",北海道,39,8,858:50,22:01,413,158,277,57.0%,158,277,57.0%,0,0,0.0%,97,139,69.8%,133,193,326,84,50,31,25,17,83,119,687,71
71,"アレックス・カーク
#53C",琉球,39,15,828:51,21:15,412,172,275,62.5%,172,270,63.7%,0,5,0.0%,68,96,70.8%,98,149,247,52,28,10,36,8,47,88,631,94
72,"安藤 周人
#9SG",A東京,36,23,878:00,24:23,405,129,306,42.2%,34,75,45.3%,95,231,41.1%,52,67,77.6%,14,95,109,56,37,30,3,5,89,68,348,114
73,"ジョン・ムーニー
#33C/PF",千葉J,28,28,759:36,27:07,401,158,259,61.0%,153,246,62.2%,5,13,38.5%,80,98,81.6%,89,226,315,92,32,20,12,8,39,92,734,277
74,"トレイ・ポーター
#22C/PF",A千葉,37,19,804:15,21:44,400,157,264,59.5%,146,235,62.1%,11,29,37.9%,75,112,67.0%,88,196,284,42,52,19,32,10,83,115,602,-100
75,"富樫 勇樹
#2PG",千葉J,39,39,1031:50,26:27,397,128,349,36.7%,40,106,37.7%,88,243,36.2%,53,61,86.9%,8,36,44,180,75,20,0,17,46,83,357,223
76,"長谷川 暢
#3PG",茨城,39,39,785:46,20:08,390,139,339,41.0%,81,180,45.0%,58,159,36.5%,54,72,75.0%,13,51,64,109,50,44,1,18,76,84,329,-13
77,"今村 佳太
#30SG/SF",名古屋D,39,36,984:01,25:13,389,139,399,34.8%,65,154,42.2%,74,245,30.2%,37,50,74.0%,37,81,118,112,46,33,9,6,66,55,325,257
78,"津山 尚大
#13PG/SG",川崎,39,37,961:40,24:39,383,135,375,36.0%,52,133,39.1%,83,242,34.3%,30,42,71.4%,13,24,37,72,46,31,1,14,43,59,228,-202
79,"ケビン・ジョーンズ
#5PF",北海道,32,30,887:19,27:43,379,155,296,52.4%,116,192,60.4%,39,104,37.5%,30,36,83.3%,47,153,200,66,26,30,29,9,53,34,503,110
80,"セルジオ・エル ダーウィッチ
#9SG",仙台,35,35,916:39,26:11,374,150,338,44.4%,116,230,50.4%,34,108,31.5%,40,62,64.5%,38,149,187,177,76,55,10,16,78,103,526,167
順位,選手,クラブ,試合数,,プレイ時間,,得点,フィールドゴール,,,2Pt,,,3Pt,,,フリースロー,,,リバウンド,,,アシスト,ターンオーバー,スティール,ブロック,,ファウル,,貢献度,
,,,G,GS,MIN,MINPG,PTS,FGM,FGA,FG%,2FGM,2FGA,2FG%,3FGM,3FGA,3FG%,FTM,FTA,FT%,OR,DR,TR,AS,TO,ST,BS,BSR,F,FD,EFF,+/-
81,"角田 太輝
#25SG",佐賀,39,38,1095:36,28:05,371,128,378,33.9%,65,136,47.8%,63,242,26.0%,52,62,83.9%,31,80,111,214,89,35,4,9,88,93,382,-18
82,"小川 麻斗
#12PG",京都,39,20,838:16,21:29,369,132,384,34.4%,74,189,39.2%,58,195,29.7%,47,63,74.6%,12,61,73,110,85,38,5,7,69,95,261,-165
83,"チャールズ・ジャクソン
#10C",京都,27,22,745:14,27:36,361,140,240,58.3%,139,236,58.9%,1,4,25.0%,80,150,53.3%,117,164,281,69,62,33,15,19,66,135,576,-72
84,"中村 拓人
#6PG",群馬,37,36,917:19,24:47,358,143,328,43.6%,114,218,52.3%,29,110,26.4%,43,58,74.1%,19,47,66,119,63,57,6,17,79,69,316,200
84,"黒川 虎徹
#3PG",A千葉,36,11,764:13,21:13,358,134,308,43.5%,80,166,48.2%,54,142,38.0%,36,42,85.7%,11,46,57,147,65,30,0,17,74,46,302,-90
86,"ベンドラメ 礼生
#9PG/SG",SR渋谷,39,26,899:55,23:04,356,123,348,35.3%,76,188,40.4%,47,160,29.4%,63,77,81.8%,23,42,65,119,67,37,0,19,88,118,282,-73
87,"藤井 祐眞
#0PG/SG",群馬,39,18,916:25,23:29,354,97,277,35.0%,17,44,38.6%,80,233,34.3%,80,98,81.6%,19,44,63,105,49,29,0,5,99,145,345,130
88,"アラン・ウィリアムズ
#15C",名古屋D,39,3,689:33,17:40,351,132,289,45.7%,131,286,45.8%,1,3,33.3%,86,127,67.7%,80,156,236,61,45,29,21,16,102,124,459,170
89,"ウィリアムス ニカ
#6C",富山,38,27,861:00,22:39,350,146,264,55.3%,146,263,55.5%,0,1,0.0%,58,107,54.2%,117,123,240,22,56,20,16,24,115,97,381,-51
90,"阿部 諒
#13SG",佐賀,39,28,1000:14,25:38,344,123,337,36.5%,88,196,44.9%,35,141,24.8%,63,82,76.8%,20,72,92,190,77,59,7,10,91,94,375,-9
91,"前田 悟
#13SG",京都,37,36,913:05,24:40,342,119,312,38.1%,61,128,47.7%,58,184,31.5%,46,63,73.0%,17,41,58,58,47,41,2,9,81,65,219,-92
92,"大浦 颯太
#5PG",三遠,39,24,977:10,25:03,341,109,309,35.3%,49,109,45.0%,60,200,30.0%,63,75,84.0%,15,85,100,218,71,37,1,8,68,112,449,-1
93,"メイヨ ニック
#24C/PF",広島,30,28,903:16,30:06,337,120,261,46.0%,60,121,49.6%,60,140,42.9%,37,52,71.2%,31,140,171,84,29,23,13,9,38,46,441,85
94,"テレンス・ウッドベリー
#30SF/PF",群馬,26,13,647:46,24:54,333,134,265,50.6%,95,160,59.4%,39,105,37.1%,26,38,68.4%,10,103,113,53,51,10,4,9,44,51,317,112
95,"田中 大貴
#13SG",SR渋谷,37,37,1017:45,27:30,330,133,314,42.4%,90,186,48.4%,43,128,33.6%,21,23,91.3%,17,34,51,105,32,39,4,5,71,29,267,-86
95,"ジェレミー・ジョーンズ
#22SF",FE名古屋,34,34,930:27,27:21,330,110,259,42.5%,50,100,50.0%,60,159,37.7%,50,65,76.9%,37,136,173,82,45,52,7,11,76,70,416,48
97,"ジョーダン・ヒース
#35C/PF",京都,36,25,992:20,27:33,327,124,297,41.8%,69,121,57.0%,55,176,31.3%,24,64,37.5%,75,164,239,52,48,30,41,13,72,82,425,-250
98,"ブーバカー・トゥーレ
#21C",仙台,39,18,868:19,22:15,319,128,229,55.9%,128,229,55.9%,0,0,0.0%,63,127,49.6%,113,179,292,44,66,34,28,16,91,107,484,-35
99,"金丸 晃輔
#14SF",佐賀,30,12,675:05,22:30,315,105,228,46.1%,35,80,43.8%,70,148,47.3%,35,40,87.5%,15,32,47,27,18,12,5,3,29,42,270,74
100,"宇都 直輝
#11PG",富山,39,25,866:55,22:13,313,122,269,45.4%,119,251,47.4%,3,18,16.7%,66,94,70.2%,39,61,100,141,85,30,1,27,88,126,333,-250
順位,選手,クラブ,試合数,,プレイ時間,,得点,フィールドゴール,,,2Pt,,,3Pt,,,フリースロー,,,リバウンド,,,アシスト,ターンオーバー,スティール,ブロック,,ファウル,,貢献度,
,,,G,GS,MIN,MINPG,PTS,FGM,FGA,FG%,2FGM,2FGA,2FG%,3FGM,3FGA,3FG%,FTM,FTA,FT%,OR,DR,TR,AS,TO,ST,BS,BSR,F,FD,EFF,+/-
101,"篠山 竜青
#7PG",川崎,39,35,841:50,21:35,309,106,229,46.3%,47,90,52.2%,59,139,42.4%,38,46,82.6%,11,43,54,196,99,32,1,11,111,76,316,-147
102,"三谷 桂司朗
#34SF",広島,39,34,923:52,23:41,308,107,265,40.4%,43,82,52.4%,64,183,35.0%,30,43,69.8%,47,65,112,27,28,30,18,11,97,42,230,195
102,"トーマス・ケネディ
#1SF/PF",三河,39,1,618:23,15:51,308,115,229,50.2%,72,109,66.1%,43,120,35.8%,35,41,85.4%,23,69,92,16,18,15,6,8,71,41,261,132
104,"並里 成
#3PG",FE名古屋,35,21,772:03,22:03,306,113,308,36.7%,87,208,41.8%,26,100,26.0%,54,67,80.6%,13,62,75,177,68,23,1,8,64,81,315,45
105,"アンジェロ・カロイアロ
#32SF/PF",京都,15,15,452:15,30:09,303,102,167,61.1%,86,127,67.7%,16,40,40.0%,83,98,84.7%,33,62,95,65,33,22,4,4,20,82,433,-81
105,"辻 直人
#9SG",群馬,39,22,823:21,21:06,303,99,254,39.0%,22,46,47.8%,77,208,37.0%,28,34,82.4%,13,43,56,92,24,9,1,3,44,49,278,204
107,"エヴァンス ルーク
#33PF",A千葉,37,7,762:32,20:36,302,116,286,40.6%,82,175,46.9%,34,111,30.6%,36,78,46.2%,49,126,175,63,57,21,14,15,86,81,285,-54
108,"アキル・ミッチェル
#25C/PF",長崎,33,33,771:38,23:22,300,122,222,55.0%,112,194,57.7%,10,28,35.7%,46,70,65.7%,68,156,224,99,44,36,9,14,69,87,503,341
109,"トレイ・ジョーンズ
#4SF",群馬,22,14,578:23,26:17,296,103,212,48.6%,60,109,55.0%,43,103,41.7%,47,56,83.9%,18,72,90,94,37,22,9,1,51,70,374,106
109,"中山 拓哉
#17PG/SG",秋田,37,35,1103:54,29:50,296,98,296,33.1%,48,121,39.7%,50,175,28.6%,50,62,80.6%,57,95,152,132,60,53,4,12,80,76,351,-375
111,"游 艾喆
#7PG",滋賀,39,39,1047:39,26:51,295,120,274,43.8%,82,144,56.9%,38,130,29.2%,17,23,73.9%,35,75,110,240,77,57,9,7,96,45,416,-109
112,"前田 怜緒
#5SG/SF",A千葉,36,29,869:33,24:09,293,105,299,35.1%,63,153,41.2%,42,146,28.8%,41,60,68.3%,20,64,84,123,79,23,6,20,110,74,180,-154
113,"ヤンテ・メイテン
#1PF",三遠,16,16,457:47,28:36,291,102,191,53.4%,95,160,59.4%,7,31,22.6%,80,128,62.5%,49,68,117,44,33,15,21,5,33,112,391,64
114,"津屋 一球
#28SG",三遠,39,14,871:38,22:20,286,96,224,42.9%,14,25,56.0%,82,199,41.2%,12,27,44.4%,24,41,65,40,23,13,1,1,84,21,175,-73
115,"ケーレブ・ターズースキー
#25C",横浜BC,32,27,817:59,25:33,284,107,167,64.1%,107,167,64.1%,0,0,0.0%,70,89,78.7%,98,157,255,47,39,17,10,7,83,117,522,-122
116,"ライアン・ロシター
#22C/PF",A東京,33,31,941:48,28:32,280,99,198,50.0%,82,148,55.4%,17,50,34.0%,65,96,67.7%,108,275,383,182,51,28,23,6,47,132,794,187
117,"レイナルド・ガルシア
#2PG",佐賀,18,5,454:52,25:16,276,91,163,55.8%,81,130,62.3%,10,33,30.3%,84,115,73.0%,24,83,107,69,25,37,5,5,57,122,425,113
118,"アーロン・ホワイト
#30C/PF",三河,39,0,835:38,21:25,275,88,206,42.7%,55,107,51.4%,33,99,33.3%,66,97,68.0%,53,177,230,73,26,26,18,9,54,114,498,22
118,"細川 一輝
#29SG",群馬,39,21,916:36,23:30,275,99,247,40.1%,25,44,56.8%,74,203,36.5%,3,4,75.0%,25,59,84,45,24,25,3,2,76,9,190,147
120,"佐土原 遼
#8SF/PF",琉球,39,8,724:53,18:35,274,101,221,45.7%,71,122,58.2%,30,99,30.3%,42,60,70.0%,43,53,96,49,36,18,10,14,78,56,237,67
順位,選手,クラブ,試合数,,プレイ時間,,得点,フィールドゴール,,,2Pt,,,3Pt,,,フリースロー,,,リバウンド,,,アシスト,ターンオーバー,スティール,ブロック,,ファウル,,貢献度,
,,,G,GS,MIN,MINPG,PTS,FGM,FGA,FG%,2FGM,2FGA,2FG%,3FGM,3FGA,3FG%,FTM,FTA,FT%,OR,DR,TR,AS,TO,ST,BS,BSR,F,FD,EFF,+/-
121,"杉本 天昇
#10SG",FE名古屋,39,19,699:07,17:55,273,101,238,42.4%,52,95,54.7%,49,143,34.3%,22,35,62.9%,33,51,84,33,13,19,2,7,42,37,236,-46
122,"キャメロン・ジャクソン
#7C/PF",三遠,26,5,526:43,20:15,271,104,197,52.8%,102,184,55.4%,2,13,15.4%,61,93,65.6%,39,104,143,58,32,35,12,12,85,81,346,13
123,"久保田 義章
#11PG",三河,33,19,649:14,19:40,267,93,220,42.3%,56,106,52.8%,37,114,32.5%,44,56,78.6%,17,47,64,123,39,13,1,9,56,71,296,88
124,"渡辺 翔太
#15PG",仙台,39,39,849:18,21:46,266,92,230,40.0%,27,64,42.2%,65,166,39.2%,17,25,68.0%,18,53,71,78,22,27,2,7,69,67,267,45
125,"吉井 裕鷹
#10SF",三遠,27,20,655:55,24:17,264,94,216,43.5%,59,112,52.7%,35,104,33.7%,41,62,66.1%,23,54,77,37,17,30,3,10,62,51,230,-24
125,"エージェー・エドゥ
#15C/PF",群馬,36,31,837:33,23:15,264,100,189,52.9%,100,188,53.2%,0,1,0.0%,64,74,86.5%,83,165,248,63,41,23,40,17,61,62,482,175
127,"澁田 怜音
#3PG",京都,34,3,598:03,17:35,254,97,258,37.6%,55,122,45.1%,42,136,30.9%,18,26,69.2%,5,23,28,82,41,13,1,6,68,63,157,-211
128,"フランシス・ロペス
#20SF",FE名古屋,39,7,660:00,16:55,251,102,204,50.0%,98,180,54.4%,4,24,16.7%,43,70,61.4%,43,99,142,24,36,22,25,6,90,71,271,-54
128,"トーマス・ウェルシュ
#40C",SR渋谷,30,5,633:00,21:06,251,112,199,56.3%,112,199,56.3%,0,0,0.0%,27,52,51.9%,101,142,243,26,12,9,26,3,41,45,432,-28
128,"岡田 雄三
#3PG",富山,39,26,984:09,25:14,251,86,254,33.9%,47,111,42.3%,39,143,27.3%,40,61,65.6%,24,66,90,154,61,42,3,12,121,73,229,-186
131,"小酒部 泰暉
#75SG",A東京,36,33,904:46,25:07,249,85,221,38.5%,46,97,47.4%,39,124,31.5%,40,53,75.5%,7,67,74,105,25,25,2,6,91,87,270,120
131,"中村 太地
#11PG/SG",島根,39,18,826:23,21:11,249,88,238,37.0%,40,87,46.0%,48,151,31.8%,25,33,75.8%,9,42,51,64,38,19,3,4,101,48,133,25
133,"納見 悠仁
#21PG/SG",島根,39,4,844:19,21:38,248,84,226,37.2%,28,71,39.4%,56,155,36.1%,24,29,82.8%,15,58,73,143,65,35,0,12,67,39,247,48
134,"ジャン・ローレンス・ハーパージュニア
#3PG",SR渋谷,37,18,806:54,21:48,247,82,233,35.2%,30,66,45.5%,52,167,31.1%,31,45,68.9%,34,61,95,154,73,38,16,3,105,75,279,26
135,"杉本 慶
#11PG",A千葉,39,33,923:38,23:40,245,93,212,43.9%,65,129,50.4%,28,83,33.7%,31,40,77.5%,23,61,84,161,77,32,4,14,102,63,268,-75
135,"アンドリュー・ランダル
#7SF",SR渋谷,29,5,610:53,21:03,245,68,176,38.6%,56,113,49.6%,12,63,19.0%,97,119,81.5%,35,73,108,67,27,24,3,4,30,104,360,-35
137,"山口 颯斗
#17SG/SF",長崎,37,6,819:29,22:08,244,84,181,46.4%,33,66,50.0%,51,115,44.3%,25,35,71.4%,25,64,89,38,25,29,4,9,81,31,213,301
138,"角野 亮伍
#18SG/SF",三河,39,0,516:41,13:14,243,86,203,42.4%,41,80,51.3%,45,123,36.6%,26,34,76.5%,12,36,48,27,24,14,2,6,23,30,186,20
139,"ブランドン・アシュリー
#21C/PF",A千葉,18,17,508:28,28:14,242,89,191,46.6%,79,153,51.6%,10,38,26.3%,54,67,80.6%,49,79,128,54,40,18,9,5,61,66,296,6
140,"中村 功平
#13PG/SG",茨城,33,26,723:40,21:55,237,81,235,34.5%,27,67,40.3%,54,168,32.1%,21,27,77.8%,12,35,47,70,24,17,0,7,82,53,151,-44
順位,選手,クラブ,試合数,,プレイ時間,,得点,フィールドゴール,,,2Pt,,,3Pt,,,フリースロー,,,リバウンド,,,アシスト,ターンオーバー,スティール,ブロック,,ファウル,,貢献度,
,,,G,GS,MIN,MINPG,PTS,FGM,FGA,FG%,2FGM,2FGA,2FG%,3FGM,3FGA,3FG%,FTM,FTA,FT%,OR,DR,TR,AS,TO,ST,BS,BSR,F,FD,EFF,+/-
141,"カイル・リチャードソン
#34C/PF",名古屋D,39,33,795:04,20:23,236,78,183,42.6%,67,142,47.2%,11,41,26.8%,69,104,66.3%,94,133,227,41,63,32,5,9,105,86,310,125
142,"駒沢 颯
#7PG",茨城,39,13,728:18,18:40,232,90,256,35.2%,50,117,42.7%,40,139,28.8%,12,13,92.3%,10,61,71,59,51,14,4,12,70,29,109,-142
142,"市場 脩斗
#12PG/SG",北海道,39,6,590:19,15:08,232,68,178,38.2%,35,91,38.5%,33,87,37.9%,63,88,71.6%,22,44,66,51,42,14,7,7,100,88,174,60
144,"古川 孝敏
#51SG/SF",京都,31,4,604:44,19:30,231,82,198,41.4%,49,101,48.5%,33,97,34.0%,34,41,82.9%,12,39,51,37,30,10,0,6,35,41,176,-180
145,"飯尾 文哉
#22SG",島根,34,27,746:30,21:57,229,92,225,40.9%,53,113,46.9%,39,112,34.8%,6,12,50.0%,18,42,60,55,41,16,3,12,82,20,109,-34
146,"湧川 颯斗
#14PG",三遠,39,16,706:00,18:06,228,78,188,41.5%,50,106,47.2%,28,82,34.1%,44,58,75.9%,39,60,99,78,55,33,2,13,112,77,212,69
147,"デイミアン・ドットソン
#21SG",琉球,20,10,409:43,20:29,227,76,178,42.7%,33,73,45.2%,43,105,41.0%,32,33,97.0%,11,66,77,25,22,13,3,3,26,28,219,3
148,"ヴォーディミル・ゲルン
#52C/PF",大阪,22,17,505:58,22:59,223,88,164,53.7%,85,156,54.5%,3,8,37.5%,44,77,57.1%,70,114,184,44,26,18,26,10,40,73,383,83
149,"グラント・ジェレット
#34PF",宇都宮,23,3,504:37,21:56,222,81,188,43.1%,39,82,47.6%,42,106,39.6%,18,23,78.3%,33,77,110,36,19,11,8,2,46,32,240,-3
150,"野本 大智
#16PG",滋賀,31,9,561:26,18:06,220,79,190,41.6%,55,101,54.5%,24,89,27.0%,38,51,74.5%,14,31,45,93,48,28,2,11,69,57,193,-86
151,"原 修太
#31SG/SF",千葉J,38,30,843:46,22:12,219,91,195,46.7%,73,137,53.3%,18,58,31.0%,19,32,59.4%,25,59,84,80,39,10,4,9,59,52,225,89
152,"長野 誠史
#7PG",三河,39,20,800:22,20:31,217,70,187,37.4%,43,70,61.4%,27,117,23.1%,50,58,86.2%,16,45,61,172,76,26,3,4,96,83,261,171
153,"アリ・メザー
#22PG",秋田,39,10,609:01,15:36,215,89,206,43.2%,73,153,47.7%,16,53,30.2%,21,26,80.8%,15,52,67,129,81,24,0,12,40,49,228,-216
153,"岡田 泰希
#6PG/SG",滋賀,36,2,534:27,14:50,215,74,198,37.4%,23,53,43.4%,51,145,35.2%,16,22,72.7%,18,30,48,38,18,12,1,5,53,27,135,-103
155,"根本 大
#20PG",三遠,37,15,608:49,16:27,210,73,155,47.1%,31,59,52.5%,42,96,43.8%,22,29,75.9%,12,29,41,56,44,15,5,9,81,34,138,76
155,"青木 保憲
#4PG",大阪,38,37,763:23,20:05,210,76,193,39.4%,49,110,44.5%,27,83,32.5%,31,35,88.6%,13,35,48,117,49,27,0,6,99,60,186,-11
157,"島谷 怜
#15PG",北海道,39,32,739:43,18:58,208,72,148,48.6%,51,94,54.3%,21,54,38.9%,43,50,86.0%,18,53,71,126,37,32,0,3,97,71,288,147
158,"遠藤 祐亮
#9SG",宇都宮,39,1,708:33,18:10,207,71,171,41.5%,13,19,68.4%,58,152,38.2%,7,12,58.3%,13,45,58,52,27,18,0,0,70,13,146,85
159,"松脇 圭志
#15SG",琉球,39,21,758:04,19:26,201,69,227,30.4%,13,44,29.5%,56,183,30.6%,7,8,87.5%,17,49,66,47,30,32,3,9,71,16,96,208
159,"須藤 タイレル拓
#6PG/SG",FE名古屋,34,13,522:55,15:22,201,74,164,45.1%,45,81,55.6%,29,83,34.9%,24,32,75.0%,29,27,56,39,35,18,5,6,69,30,140,-22
順位,選手,クラブ,試合数,,プレイ時間,,得点,フィールドゴール,,,2Pt,,,3Pt,,,フリースロー,,,リバウンド,,,アシスト,ターンオーバー,スティール,ブロック,,ファウル,,貢献度,
,,,G,GS,MIN,MINPG,PTS,FGM,FGA,FG%,2FGM,2FGA,2FG%,3FGM,3FGA,3FG%,FTM,FTA,FT%,OR,DR,TR,AS,TO,ST,BS,BSR,F,FD,EFF,+/-
161,"飯田 遼
#17SG/SF",川崎,39,7,659:09,16:54,200,66,174,37.9%,9,25,36.0%,57,149,38.3%,11,13,84.6%,10,36,46,36,15,20,3,5,95,21,101,-124
162,"木下 誠
#31PG/SG",大阪,38,0,595:26,15:40,199,74,184,40.2%,38,77,49.4%,36,107,33.6%,15,23,65.2%,8,33,41,73,36,22,3,6,74,27,131,-79
163,"ジョシュ・ハレルソン
#55C/PF",佐賀,30,9,650:23,21:40,197,76,196,38.8%,40,67,59.7%,36,129,27.9%,9,18,50.0%,52,133,185,52,22,25,19,2,30,22,315,-2
164,"チェイス・フィーラー
#60PF",A東京,30,0,545:15,18:10,196,75,150,50.0%,65,103,63.1%,10,47,21.3%,36,45,80.0%,31,88,119,64,24,15,19,4,65,40,276,-46
165,"元田 大陽
#12SG",秋田,39,30,819:26,21:00,194,68,203,33.5%,26,81,32.1%,42,122,34.4%,16,23,69.6%,23,26,49,41,33,20,3,9,91,25,57,-260
166,"瀬川 琉久
#5PG",千葉J,39,0,501:32,12:51,191,70,179,39.1%,57,133,42.9%,13,46,28.3%,38,53,71.7%,25,28,53,73,56,17,10,15,66,81,164,10
167,"高島 紳司
#12SG",宇都宮,34,31,689:04,20:16,190,68,173,39.3%,22,36,61.1%,46,137,33.6%,8,9,88.9%,14,72,86,31,15,29,7,3,74,9,154,189
167,"ザック・バランスキー
#10SF/PF",A東京,39,6,693:57,17:47,190,71,209,34.0%,33,66,50.0%,38,143,26.6%,10,15,66.7%,21,66,87,45,31,25,7,2,92,33,119,-53
169,"須田 侑太郎
#13SG/SF",三河,37,37,581:57,15:43,183,66,158,41.8%,25,42,59.5%,41,116,35.3%,10,10,100.0%,26,39,65,36,13,15,4,7,56,22,157,93
170,"アイザイア・マーフィー
#5PG/SG",名古屋D,35,10,648:02,18:30,182,65,170,38.2%,32,63,50.8%,33,107,30.8%,19,25,76.0%,24,55,79,34,16,32,12,4,58,27,177,164
171,"須藤 昂矢
#30SG",横浜BC,35,30,717:01,20:29,181,64,154,41.6%,35,68,51.5%,29,86,33.7%,24,33,72.7%,21,25,46,42,21,8,2,8,88,46,109,-3
172,"荒谷 裕秀
#11SG/SF",仙台,34,3,539:18,15:51,179,72,165,43.6%,47,85,55.3%,25,80,31.3%,10,19,52.6%,22,41,63,47,41,18,4,2,52,26,140,32
173,"池田 祐一
#12PG",越谷,39,18,783:20,20:05,178,66,171,38.6%,48,99,48.5%,18,72,25.0%,28,43,65.1%,12,52,64,123,64,32,2,15,94,70,175,-21
174,"ジャメール・マクリーン
#1C/PF",秋田,24,9,477:53,19:54,177,57,121,47.1%,57,106,53.8%,0,15,0.0%,63,99,63.6%,37,72,109,39,29,19,8,9,50,107,270,-44
175,"ヨハネス・ティーマン
#32PF",群馬,17,3,354:01,20:49,175,68,118,57.6%,61,94,64.9%,7,24,29.2%,32,43,74.4%,34,63,97,41,20,12,6,9,22,40,259,-2
176,"笹山 貴哉
#21PG",FE名古屋,24,17,406:32,16:56,174,63,163,38.7%,25,51,49.0%,38,112,33.9%,10,16,62.5%,10,23,33,74,33,13,2,6,50,17,118,-33
177,"大庭 岳輝
#14SG",越谷,38,2,512:46,13:29,172,62,175,35.4%,18,53,34.0%,44,122,36.1%,4,4,100.0%,11,14,25,17,15,10,0,11,49,11,47,-1
178,"木田 貴明
#0SF",A千葉,20,12,413:19,20:39,171,60,144,41.7%,26,65,40.0%,34,79,43.0%,17,22,77.3%,5,19,24,24,20,12,1,5,39,22,101,-121
179,"鈴木 達也
#35PG",大阪,39,1,556:34,14:16,168,57,134,42.5%,21,53,39.6%,36,81,44.4%,18,33,54.5%,13,30,43,108,32,22,2,7,62,39,188,-36
179,"金近 廉
#12SF",千葉J,28,5,469:12,16:45,168,61,138,44.2%,21,39,53.8%,40,99,40.4%,6,10,60.0%,5,41,46,30,11,10,7,4,39,15,141,37
順位,選手,クラブ,試合数,,プレイ時間,,得点,フィールドゴール,,,2Pt,,,3Pt,,,フリースロー,,,リバウンド,,,アシスト,ターンオーバー,スティール,ブロック,,ファウル,,貢献度,
,,,G,GS,MIN,MINPG,PTS,FGM,FGA,FG%,2FGM,2FGA,2FG%,3FGM,3FGA,3FG%,FTM,FTA,FT%,OR,DR,TR,AS,TO,ST,BS,BSR,F,FD,EFF,+/-
181,"船生 誠也
#7PG/SG",仙台,34,34,686:22,20:11,167,60,129,46.5%,34,55,61.8%,26,74,35.1%,21,27,77.8%,16,48,64,50,21,38,0,6,76,30,171,6
182,"加藤 嵩都
#3PG",名古屋D,39,0,514:11,13:11,163,55,143,38.5%,28,54,51.9%,27,89,30.3%,26,33,78.8%,19,40,59,66,42,27,3,6,56,41,160,156
183,"熊谷 航
#11PG",長崎,36,30,874:07,24:16,157,57,152,37.5%,26,57,45.6%,31,95,32.6%,12,20,60.0%,21,48,69,156,49,31,5,7,99,51,211,391
183,"岡田 大河
#55PG",川崎,37,1,501:24,13:33,157,67,151,44.4%,63,130,48.5%,4,21,19.0%,19,25,76.0%,14,20,34,126,62,21,2,11,60,48,165,-147
185,"ホール 百音 アレックス
#39SF",京都,39,6,485:33,12:27,156,59,155,38.1%,39,85,45.9%,20,70,28.6%,18,30,60.0%,28,40,68,38,33,37,9,9,67,41,132,-137
186,"佐藤 涼成
#88PG",広島,25,7,487:54,19:30,153,54,134,40.3%,25,44,56.8%,29,90,32.2%,16,26,61.5%,14,35,49,67,29,14,0,4,78,24,106,126
186,"川嶋 勇人
#15SG",京都,36,26,703:16,19:32,153,53,170,31.2%,22,58,37.9%,31,112,27.7%,16,24,66.7%,10,27,37,86,40,46,5,3,77,32,114,-161
186,"オマール・ジャマレディン
#1SG/SF",川崎,27,7,464:24,17:12,153,56,179,31.3%,43,112,38.4%,13,67,19.4%,28,50,56.0%,26,57,83,57,41,23,5,14,58,51,113,-120
189,"坂本 聖芽
#60PG/SG",大阪,39,18,649:42,16:39,151,58,145,40.0%,39,81,48.1%,19,64,29.7%,16,25,64.0%,28,40,68,95,44,39,6,9,84,33,159,-36
190,"キング 開
#23PG/SG",横浜BC,39,3,536:19,13:45,150,63,148,42.6%,53,99,53.5%,10,49,20.4%,14,22,63.6%,26,17,43,30,17,12,4,10,77,24,66,-63
191,"河田 チリジ
#15C",三遠,38,17,576:57,15:10,145,54,114,47.4%,54,114,47.4%,0,0,0.0%,37,61,60.7%,50,71,121,19,40,15,19,9,89,52,146,-3
192,"陳岡 流羽
#10PG/SG",茨城,39,32,778:10,19:57,144,61,155,39.4%,49,96,51.0%,12,59,20.3%,10,20,50.0%,33,59,92,59,24,29,5,7,82,29,141,11
193,"赤穂 雷太
#6SG/SF",秋田,21,14,510:37,24:18,143,47,141,33.3%,19,53,35.8%,28,88,31.8%,21,29,72.4%,19,20,39,26,16,18,6,5,54,36,91,-184
194,"荒川 颯
#10PG/SG",琉球,39,3,405:47,10:24,141,50,147,34.0%,20,31,64.5%,30,116,25.9%,11,14,78.6%,9,20,29,40,21,13,0,0,39,12,75,-23
195,"小澤 飛悠
#4SF",名古屋D,33,1,340:46,10:19,140,49,143,34.3%,23,51,45.1%,26,92,28.3%,16,20,80.0%,16,16,32,16,9,13,2,9,43,17,61,157
196,"大倉 颯太
#2PG/SG",A東京,32,15,522:51,16:20,138,47,127,37.0%,18,55,32.7%,29,72,40.3%,15,24,62.5%,8,26,34,68,48,8,1,4,81,47,74,34
196,"岡島 和真
#3PG",仙台,37,0,606:42,16:23,138,48,162,29.6%,24,68,35.3%,24,94,25.5%,18,24,75.0%,9,34,43,71,27,18,0,5,36,35,117,-39
196,"西田 陽成
#14SG",滋賀,35,16,543:05,15:31,138,47,128,36.7%,17,39,43.6%,30,89,33.7%,14,20,70.0%,16,37,53,26,25,15,3,4,43,30,106,13
199,"菊地 広人
#6PG/SG",北海道,38,0,396:14,10:25,137,41,114,36.0%,11,33,33.3%,30,81,37.0%,25,33,75.8%,8,13,21,30,11,11,1,2,69,26,63,52
200,"小野寺 祥太
#34PG/SG",琉球,39,28,594:57,15:15,134,47,130,36.2%,13,35,37.1%,34,95,35.8%,6,6,100.0%,16,37,53,58,14,19,3,4,62,21,125,119
順位,選手,クラブ,試合数,,プレイ時間,,得点,フィールドゴール,,,2Pt,,,3Pt,,,フリースロー,,,リバウンド,,,アシスト,ターンオーバー,スティール,ブロック,,ファウル,,貢献度,
,,,G,GS,MIN,MINPG,PTS,FGM,FGA,FG%,2FGM,2FGA,2FG%,3FGM,3FGA,3FG%,FTM,FTA,FT%,OR,DR,TR,AS,TO,ST,BS,BSR,F,FD,EFF,+/-
200,"福澤 晃平
#25PG/SG",A東京,35,1,410:24,11:43,134,46,119,38.7%,13,35,37.1%,33,84,39.3%,9,13,69.2%,2,20,22,32,23,11,2,2,69,29,59,-102
202,"常田 耕平
#17PG",滋賀,37,23,607:35,16:25,132,49,123,39.8%,19,34,55.9%,30,89,33.7%,4,7,57.1%,11,22,33,32,14,16,1,5,98,18,38,-82
203,"牧 隼利
#88PG/SG",大阪,22,19,445:39,20:15,130,50,107,46.7%,26,45,57.8%,24,62,38.7%,6,12,50.0%,11,22,33,42,30,12,2,3,52,18,89,-1
204,"竹内 譲次
#15C/PF",大阪,37,7,553:12,14:57,129,42,102,41.2%,36,77,46.8%,6,25,24.0%,39,54,72.2%,44,81,125,39,32,12,17,11,66,61,199,-128
205,"杉浦 佑成
#14SF",仙台,36,6,522:46,14:31,127,42,132,31.8%,12,27,44.4%,30,105,28.6%,13,18,72.2%,21,23,44,16,10,13,4,5,49,19,64,54
206,"山内 ジャヘル琉人
#45SG",川崎,23,5,360:45,15:41,126,45,116,38.8%,28,61,45.9%,17,55,30.9%,19,35,54.3%,18,33,51,22,16,16,6,6,57,31,86,-75
207,"中東 泰斗
#12SG",名古屋D,26,0,437:11,16:48,123,44,112,39.3%,21,54,38.9%,23,58,39.7%,12,15,80.0%,18,59,77,47,17,22,3,6,24,13,167,119
207,"テーブス 海
#3PG",A東京,11,11,254:40,23:09,123,45,102,44.1%,26,61,42.6%,19,41,46.3%,14,22,63.6%,1,24,25,59,17,8,2,4,19,27,139,75
207,"宮本 一樹
#7SF/PF",富山,39,15,586:11,15:01,123,38,133,28.6%,7,23,30.4%,31,110,28.2%,16,25,64.0%,15,49,64,22,13,16,2,3,84,27,49,-180
210,"小島 元基
#1PG",茨城,24,0,372:04,15:30,121,39,98,39.8%,23,50,46.0%,16,48,33.3%,27,30,90.0%,11,16,27,68,24,4,0,3,22,26,135,-55
210,"菅原 暉
#14PG",秋田,33,10,475:46,14:25,121,45,134,33.6%,31,81,38.3%,14,53,26.4%,17,21,81.0%,5,32,37,94,31,10,1,8,55,32,108,-66
212,"山崎 稜
#30SG",広島,39,7,536:47,13:45,120,38,118,32.2%,7,17,41.2%,31,101,30.7%,13,16,81.3%,16,19,35,12,11,4,1,3,86,15,4,-1
212,"脇 真大
#18SG",琉球,27,5,459:37,17:01,120,44,121,36.4%,42,98,42.9%,2,23,8.7%,30,48,62.5%,36,49,85,61,40,25,9,9,70,48,134,70
214,"喜多川 修平
#31SF",越谷,34,10,431:57,12:42,119,39,92,42.4%,15,34,44.1%,24,58,41.4%,17,20,85.0%,8,33,41,16,15,10,0,2,50,18,81,-87
215,"内尾 聡理
#18PG/SG",佐賀,39,34,662:11,16:58,118,43,117,36.8%,23,52,44.2%,20,65,30.8%,12,20,60.0%,24,31,55,50,27,23,3,12,103,27,52,-139
216,"熊谷 尚也
#27SF",A千葉,36,10,410:44,11:24,117,48,119,40.3%,28,59,47.5%,20,60,33.3%,1,2,50.0%,14,25,39,19,25,5,8,6,38,8,55,-52
217,"タナー・ライスナー
#15PF",秋田,13,7,305:37,23:30,116,41,88,46.6%,29,57,50.9%,12,31,38.7%,22,30,73.3%,20,28,48,16,10,4,0,4,18,26,123,-117
217,"野﨑 零也
#12SG",SR渋谷,35,18,470:22,13:26,116,40,103,38.8%,23,51,45.1%,17,52,32.7%,19,23,82.6%,6,17,23,35,19,16,2,3,56,26,73,-161
219,"髙比良 寛治
#24SG",秋田,39,2,540:32,13:51,114,43,107,40.2%,23,43,53.5%,20,64,31.3%,8,14,57.1%,8,32,40,31,13,15,4,5,72,18,62,-164
220,"ヤン ジェミン
#9SF",茨城,39,6,486:21,12:28,113,45,114,39.5%,32,56,57.1%,13,58,22.4%,10,22,45.5%,14,54,68,25,24,20,7,7,71,28,78,-122
順位,選手,クラブ,試合数,,プレイ時間,,得点,フィールドゴール,,,2Pt,,,3Pt,,,フリースロー,,,リバウンド,,,アシスト,ターンオーバー,スティール,ブロック,,ファウル,,貢献度,
,,,G,GS,MIN,MINPG,PTS,FGM,FGA,FG%,2FGM,2FGA,2FG%,3FGM,3FGA,3FG%,FTM,FTA,FT%,OR,DR,TR,AS,TO,ST,BS,BSR,F,FD,EFF,+/-
221,"関野 剛平
#1SG/SF",北海道,39,0,538:17,13:48,112,38,106,35.8%,12,31,38.7%,26,75,34.7%,10,15,66.7%,6,32,38,51,24,15,2,2,43,26,102,-64
222,"中村 浩陸
#5PG/SG",A東京,18,5,347:22,19:17,105,34,83,41.0%,21,47,44.7%,13,36,36.1%,24,27,88.9%,11,13,24,39,26,17,1,2,40,44,110,14
223,"平松 克樹
#12PG",FE名古屋,39,1,440:47,11:18,104,41,113,36.3%,24,57,42.1%,17,56,30.4%,5,6,83.3%,9,31,40,71,46,18,0,1,64,20,69,-91
223,"ディディ・ロウザダ
#0SF",SR渋谷,8,8,224:40,28:05,104,41,101,40.6%,27,56,48.2%,14,45,31.1%,8,12,66.7%,12,27,39,22,18,5,2,0,19,14,85,-11
225,"小川 敦也
#7PG",宇都宮,21,6,351:18,16:43,103,38,110,34.5%,27,64,42.2%,11,46,23.9%,16,21,76.2%,12,21,33,64,28,14,4,7,33,20,93,5
225,"土屋 アリスター時生
#77PF",秋田,34,4,429:10,12:37,103,49,90,54.4%,49,90,54.4%,0,0,0.0%,5,6,83.3%,25,17,42,17,19,9,7,8,56,8,61,-183
225,"栗原 翼
#2PG/SG",秋田,18,15,312:09,17:20,103,39,86,45.3%,30,57,52.6%,9,29,31.0%,16,23,69.6%,7,19,26,53,35,7,0,6,44,42,92,-86
225,"長谷川 比源
#34SF/PF",滋賀,35,19,379:19,10:50,103,47,110,42.7%,43,77,55.8%,4,33,12.1%,5,12,41.7%,23,41,64,14,19,11,8,10,49,20,71,-74
229,"轟 琉維
#8PG",佐賀,11,0,227:40,20:41,100,33,76,43.4%,17,31,54.8%,16,45,35.6%,18,20,90.0%,4,7,11,32,7,5,1,2,10,15,100,12
230,"マリアル・シャヨク
#1SG/SF",A千葉,8,1,141:28,17:41,99,35,68,51.5%,16,36,44.4%,19,32,59.4%,10,11,90.9%,7,17,24,11,17,5,2,5,13,27,98,31
230,"井上 諒汰
#34SF",佐賀,30,1,421:15,14:02,99,36,86,41.9%,14,18,77.8%,22,68,32.4%,5,7,71.4%,6,13,19,30,17,11,2,0,58,21,55,19
232,"トロイ・マーフィージュニア
#4SG/SF",SR渋谷,29,4,454:03,15:39,98,36,122,29.5%,17,54,31.5%,19,68,27.9%,7,11,63.6%,14,49,63,26,15,11,7,5,50,16,61,-66
232,"児玉 ジュニア
#33PG/SG",三遠,30,7,301:06,10:02,98,36,122,29.5%,25,63,39.7%,11,59,18.6%,15,21,71.4%,15,16,31,36,23,19,1,9,54,25,32,-43
234,"田中 晴瑛
#17PG",富山,28,17,501:10,17:53,97,33,110,30.0%,21,56,37.5%,12,54,22.2%,19,23,82.6%,21,17,38,49,17,12,1,5,68,18,43,-65
234,"晴山 ケビン
#32SF",広島,30,6,343:28,11:26,97,31,95,32.6%,4,11,36.4%,27,84,32.1%,8,9,88.9%,17,27,44,8,6,5,2,1,34,6,56,-37
236,"大崎 裕太
#16PG/SG",A千葉,37,3,349:38,9:26,96,38,103,36.9%,22,50,44.0%,16,53,30.2%,4,4,100.0%,14,27,41,53,26,7,0,1,50,13,67,-45
237,"大塚 裕土
#24SG",A千葉,29,3,238:42,8:13,94,31,78,39.7%,5,9,55.6%,26,69,37.7%,6,9,66.7%,2,11,13,8,10,3,1,0,34,6,31,-11
238,"伊藤 達哉
#3PG",広島,28,26,451:19,16:07,93,37,94,39.4%,28,65,43.1%,9,29,31.0%,10,19,52.6%,16,32,48,89,39,22,0,2,69,40,114,120
239,"岸田 篤生
#20PG",佐賀,25,0,171:15,6:51,92,27,57,47.4%,18,27,66.7%,9,30,30.0%,29,31,93.5%,7,13,20,21,14,4,0,1,35,32,87,0
239,"星川 開聖
#17SF",宇都宮,30,0,224:05,7:28,92,32,79,40.5%,17,42,40.5%,15,37,40.5%,13,17,76.5%,10,9,19,9,10,2,2,6,33,14,38,6
順位,選手,クラブ,試合数,,プレイ時間,,得点,フィールドゴール,,,2Pt,,,3Pt,,,フリースロー,,,リバウンド,,,アシスト,ターンオーバー,スティール,ブロック,,ファウル,,貢献度,
,,,G,GS,MIN,MINPG,PTS,FGM,FGA,FG%,2FGM,2FGA,2FG%,3FGM,3FGA,3FG%,FTM,FTA,FT%,OR,DR,TR,AS,TO,ST,BS,BSR,F,FD,EFF,+/-
241,"介川 アンソニー翔
#7SF/PF",島根,30,2,404:27,13:28,91,28,89,31.5%,17,43,39.5%,11,46,23.9%,24,41,58.5%,8,36,44,25,18,12,8,10,70,40,44,22
242,"鵤 誠司
#18PG",宇都宮,37,0,379:11,10:14,90,32,87,36.8%,19,37,51.4%,13,50,26.0%,13,23,56.5%,15,31,46,73,32,18,6,3,41,24,116,38
242,"森井 健太
#18PG",横浜BC,35,13,677:32,19:21,90,30,78,38.5%,9,24,37.5%,21,54,38.9%,9,18,50.0%,22,32,54,111,39,26,2,3,83,35,136,-58
242,"江原 信太朗
#25SF",滋賀,36,8,422:43,11:44,90,32,90,35.6%,9,18,50.0%,23,72,31.9%,3,5,60.0%,13,33,46,12,9,12,4,2,43,9,59,-139
245,"上澤 俊喜
#10PG",広島,36,3,365:50,10:09,89,30,82,36.6%,7,14,50.0%,23,68,33.8%,6,8,75.0%,11,19,30,40,24,6,0,0,59,15,43,-52
245,"カイ・ソット
#11C",越谷,8,7,204:10,25:31,89,34,81,42.0%,34,76,44.7%,0,5,0.0%,21,27,77.8%,18,57,75,22,14,5,11,6,12,24,141,28
247,"竹内 公輔
#10C/PF",宇都宮,39,2,476:02,12:12,87,30,82,36.6%,23,49,46.9%,7,33,21.2%,20,27,74.1%,38,94,132,15,8,6,6,6,28,20,165,11
248,"谷口 光貴
#7SG/SF",横浜BC,30,2,193:39,6:27,86,31,76,40.8%,9,15,60.0%,22,61,36.1%,2,2,100.0%,4,5,9,3,11,5,0,0,33,7,21,-6
249,"淺野 ケニー
#16SF",群馬,35,0,275:51,7:52,85,31,66,47.0%,16,35,45.7%,15,31,48.4%,8,11,72.7%,15,26,41,12,8,6,3,5,25,12,83,38
250,"マイケル・オウ
#7C",千葉J,27,1,267:03,9:53,82,36,57,63.2%,36,57,63.2%,0,0,0.0%,10,18,55.6%,27,31,58,7,7,2,7,3,41,16,92,-14