順位,選手,クラブ,2NDPTS,FBPS,PITP,%PTSFT,%PTSPITP,EFG%,TS%,%PTS2PT,%FGA2PT,%PTS3PT,%FGA3PT,AST/TO,%PTS,%FGM,%FGA,%3PM,%3PA,%FTM,%FTA,%OREB,%DREB,%REB,%AST,%TOV,%STL,%BLK,%BLKA,%PF,%PFD
1,"ジャック・クーリー
#45C",琉球,205,28,330,27.8%,69.0%,54.8%,61.1%,71.5%,98.7%,0.6%,1.3%,2.0,15.0%,15.0%,11.9%,0.3%,0.4%,15.0%,11.9%,26.9%,19.5%,22.2%,9.6%,8.1,11.9,30.8%,23.3%,10.6%,22.0%
2,"コフィ・コーバーン
#23C",広島,184,46,498,17.6%,82.0%,61.7%,62.8%,82.4%,100.0%,0.0%,0.0%,0.8,18.1%,21.1%,15.7%,0.0%,0.0%,21.1%,15.7%,28.4%,19.7%,22.5%,8.6%,18.0,8.0,17.0%,18.7%,7.6%,19.0%
3,"アイザック・フォトゥ
#42PF",宇都宮,154,91,466,13.8%,73.3%,64.8%,65.1%,77.7%,83.7%,8.5%,16.3%,1.9,19.2%,22.1%,16.4%,3.8%,5.1%,22.1%,16.4%,23.2%,16.0%,18.4%,9.0%,9.1,8.8,5.8%,17.2%,10.6%,21.8%
4,"ショーン・オマラ
#54C",FE名古屋,138,97,426,20.4%,76.1%,58.1%,61.7%,79.6%,100.0%,0.0%,0.0%,1.3,17.8%,19.4%,14.8%,0.0%,0.0%,19.4%,14.8%,28.8%,25.4%,26.5%,13.8%,15.2,12.1,33.0%,19.0%,12.5%,27.5%
5,"エリック・ジェイコブセン
#21C/PF",茨城,135,78,358,22.6%,69.8%,62.8%,65.4%,73.3%,89.9%,4.1%,10.1%,1.5,17.5%,17.9%,13.0%,2.3%,3.3%,17.9%,13.0%,30.5%,22.2%,24.6%,13.9%,13.7,12.8,25.8%,13.6%,11.3%,21.4%
5,"マット・ボンズ
#5PF",大阪,135,169,378,20.2%,53.4%,53.5%,58.3%,55.6%,63.4%,24.2%,36.6%,1.4,22.8%,22.4%,20.6%,16.6%,17.6%,22.4%,20.6%,14.5%,19.8%,18.0%,12.3%,14.3,15.0,7.2%,22.1%,7.7%,24.3%
7,"ジャリル・オカフォー
#22C",北海道,132,75,458,16.7%,73.8%,64.9%,67.1%,80.8%,95.0%,2.4%,5.0%,1.6,18.1%,20.1%,15.1%,1.6%,2.3%,20.1%,15.1%,21.0%,20.7%,20.8%,15.4%,16.7,3.7,11.2%,14.3%,6.1%,17.4%
8,"アレックス・カーク
#53C",琉球,130,36,300,16.5%,72.8%,62.5%,64.9%,83.5%,98.2%,0.0%,1.8%,1.9,13.0%,15.0%,10.4%,0.0%,0.4%,15.0%,10.4%,16.3%,14.4%,15.1%,6.9%,6.3,3.7,30.0%,8.9%,6.4%,11.3%
8,"ジョシュ・ホーキンソン
#8C/PF",SR渋谷,130,62,272,19.7%,42.8%,55.1%,60.4%,50.6%,64.9%,29.7%,35.1%,1.6,21.5%,20.9%,18.2%,19.6%,16.3%,20.9%,18.2%,14.6%,24.5%,21.2%,11.1%,12.0,7.8,30.3%,16.7%,9.1%,23.3%
10,"デレク・パードン
#7C/PF",A千葉,127,82,350,24.2%,74.9%,62.5%,66.3%,75.8%,97.5%,0.0%,2.5%,1.5,15.2%,15.4%,11.2%,0.0%,0.8%,15.4%,11.2%,22.4%,23.4%,23.1%,15.1%,14.3,12.7,27.3%,7.1%,8.4%,21.9%
11,"ジョン・ハーラー
#21C/PF",北海道,121,112,300,23.5%,72.6%,57.0%,61.1%,76.5%,100.0%,0.0%,0.0%,1.7,12.0%,12.4%,10.5%,0.0%,0.0%,12.4%,10.5%,25.9%,19.5%,21.7%,10.5%,11.0,12.6,25.5%,16.2%,11.0%,14.9%
11,"ザック・オーガスト
#0C/PF",滋賀,121,168,456,16.5%,67.2%,57.0%,57.6%,68.9%,77.3%,14.6%,22.7%,0.8,21.7%,23.7%,19.6%,9.0%,9.8%,23.7%,19.6%,18.8%,24.5%,22.7%,13.0%,21.4,20.4,26.2%,21.1%,14.1%,25.6%
11,"ケリー・ブラックシアー・ジュニア
#8C/PF",群馬,121,89,316,28.0%,54.2%,62.9%,69.4%,58.7%,82.3%,13.4%,17.7%,2.7,18.1%,17.2%,13.5%,6.3%,5.1%,17.2%,13.5%,20.8%,19.9%,20.2%,18.9%,13.3,17.2,20.2%,13.1%,14.6%,30.4%
14,"スコット・エサトン
#43C/PF",名古屋D,119,104,344,14.5%,75.4%,60.0%,62.3%,78.9%,84.9%,6.6%,15.1%,2.3,14.0%,15.9%,11.7%,2.7%,4.4%,15.9%,11.7%,20.8%,15.8%,17.6%,10.7%,8.1,6.5,13.9%,19.0%,12.2%,13.0%
15,"ヤニス・モラン
#24C/PF",富山,118,66,300,17.2%,61.3%,52.3%,54.8%,72.4%,85.8%,10.4%,14.2%,0.6,15.2%,16.9%,14.6%,6.2%,6.0%,16.9%,14.6%,15.5%,18.2%,17.3%,7.0%,15.0,15.8,36.9%,13.1%,9.0%,12.5%
16,"ブロック・モータム
#12PF",富山,117,141,316,13.0%,50.1%,55.2%,57.8%,55.2%,64.2%,31.9%,35.8%,1.2,19.7%,21.0%,18.8%,24.3%,19.4%,21.0%,18.8%,9.6%,16.8%,14.3%,14.2%,16.6,14.7,15.5%,17.7%,9.0%,13.7%
16,"ウィリアムス ニカ
#6C",富山,117,36,290,16.6%,82.9%,55.3%,56.3%,83.4%,99.6%,0.0%,0.4%,0.4,10.9%,12.7%,10.0%,0.0%,0.1%,12.7%,10.0%,21.6%,12.1%,15.4%,2.9%,10.2,6.8,19.0%,18.5%,12.4%,11.6%
16,"セバスチャン・サイズ
#11C/PF",A東京,117,69,416,19.5%,62.4%,58.8%,62.6%,73.8%,89.9%,6.7%,10.1%,1.1,21.3%,23.2%,18.2%,3.7%,4.1%,23.2%,18.2%,21.0%,16.6%,17.9%,6.7%,11.8,11.7,35.2%,23.3%,10.9%,19.0%
19,"ニック・ケイ
#4C/PF",島根,114,128,362,20.2%,56.0%,62.9%,67.5%,60.3%,73.7%,19.5%,26.3%,2.7,20.3%,20.3%,16.2%,12.0%,10.4%,20.3%,16.2%,26.5%,23.2%,24.1%,16.2%,10.4,19.1,36.4%,13.0%,7.4%,21.9%
19,"イ ヒョンジュン
#5SG/SF",長崎,114,79,194,11.6%,28.8%,73.5%,74.9%,30.0%,33.8%,58.4%,66.2%,2.5,18.6%,18.0%,15.0%,25.4%,20.0%,18.0%,15.0%,12.7%,15.6%,14.7%,10.8%,8.4,11.9,19.1%,5.0%,10.6%,13.4%
順位,選手,クラブ,得点,,,,,シュート,,2Pt,,3Pt,,アシスト,チーム内比率,,,,,,,,,,,,,,,,
,,,2NDPTS,FBPS,PITP,%PTSFT,%PTSPITP,EFG%,TS%,%PTS2PT,%FGA2PT,%PTS3PT,%FGA3PT,AST/TO,%PTS,%FGM,%FGA,%3PM,%3PA,%FTM,%FTA,%OREB,%DREB,%REB,%AST,%TOV,%STL,%BLK,%BLKA,%PF,%PFD
21,"ジョン・ムーニー
#33C/PF",千葉J,110,30,284,20.0%,70.8%,62.0%,66.4%,76.3%,95.0%,3.7%,5.0%,2.9,12.5%,13.7%,10.2%,1.3%,1.2%,13.7%,10.2%,19.2%,20.1%,19.8%,11.5%,6.9,10.2,9.1%,8.6%,6.5%,12.4%
22,"デイビッド・ヌワバ
#2SG/SF",三遠,106,185,414,24.1%,59.3%,57.4%,61.4%,59.6%,73.4%,16.3%,26.6%,1.7,21.5%,21.6%,18.4%,10.1%,11.1%,21.6%,18.4%,13.7%,20.5%,18.1%,17.4%,16.1,22.5,36.2%,8.7%,8.6%,26.3%
22,"トレイ・ポーター
#22C/PF",A千葉,106,72,276,18.8%,69.0%,61.6%,63.8%,73.0%,89.0%,8.3%,11.0%,0.8,13.0%,13.7%,10.5%,3.5%,3.2%,13.7%,10.5%,17.2%,18.7%,18.2%,4.9%,8.4,8.9,29.1%,8.9%,10.2%,15.5%
24,"ライアン・ルーサー
#11C/PF",大阪,104,115,298,12.8%,53.1%,54.9%,57.8%,57.8%,64.0%,29.4%,36.0%,1.5,18.1%,19.2%,17.4%,16.0%,14.6%,19.2%,17.4%,14.7%,17.8%,16.7%,12.2%,13.1,10.2,22.7%,19.3%,10.4%,12.0%
25,"キアヌ・ピンダー
#25C/PF",秋田,103,66,274,17.3%,46.4%,48.6%,52.2%,50.2%,63.5%,32.5%,36.5%,0.9,20.7%,20.2%,20.0%,20.7%,18.9%,20.2%,20.0%,14.2%,21.5%,19.1%,8.6%,14.6,20.8,34.4%,19.4%,11.3%,20.3%
26,"ドンテ・グランタム
#1PF",SR渋谷,101,102,270,17.3%,51.2%,54.8%,58.8%,56.5%,69.8%,26.2%,30.2%,1.7,17.8%,18.2%,15.6%,14.3%,12.0%,18.2%,15.6%,15.6%,20.0%,18.5%,15.0%,15.3,13.9,12.6%,15.3%,10.1%,14.8%
26,"ドウェイン・エバンス
#13SF/PF",広島,101,117,348,21.0%,56.1%,53.7%,56.9%,57.7%,69.3%,21.3%,30.7%,2.1,18.5%,18.8%,17.6%,10.6%,11.6%,18.8%,17.6%,14.0%,21.6%,19.1%,24.3%,19.0,16.1,29.0%,26.4%,7.4%,28.4%
26,"ブーバカー・トゥーレ
#21C",仙台,101,52,252,19.7%,79.0%,55.9%,56.0%,80.3%,100.0%,0.0%,0.0%,0.7,10.2%,11.3%,8.9%,0.0%,0.0%,11.3%,8.9%,23.7%,18.4%,20.1%,6.1%,14.4,10.8,25.2%,16.0%,13.2%,15.0%
26,"ライアン・クリーナー
#4PF",滋賀,101,71,262,16.5%,50.8%,60.0%,63.5%,53.9%,68.2%,29.7%,31.8%,1.1,16.5%,16.9%,14.1%,13.9%,9.9%,16.9%,14.1%,14.4%,13.8%,14.0%,12.6%,14.6,11.1,27.2%,11.0%,12.8%,16.5%
30,"チャールズ・ジャクソン
#10C",京都,100,64,268,22.2%,74.2%,58.5%,59.0%,77.0%,98.3%,0.8%,1.7%,1.1,12.9%,13.7%,9.6%,0.3%,0.4%,13.7%,9.6%,22.8%,18.9%,20.3%,8.9%,10.8,9.8,14.9%,19.6%,8.9%,18.6%
31,"トレイ・ケル
#8SG",富山,98,123,260,31.9%,34.9%,50.9%,60.2%,41.1%,59.8%,27.0%,40.2%,1.8,23.2%,19.1%,18.8%,24.3%,21.8%,19.1%,18.8%,6.1%,17.3%,13.4%,17.2%,13.3,16.8,9.5%,7.7%,7.0%,28.2%
32,"ダバンテ・ガードナー
#54C/PF",三河,97,32,362,17.9%,54.8%,61.0%,65.6%,56.7%,68.9%,25.5%,31.1%,2.3,20.1%,20.6%,17.6%,13.4%,11.2%,20.6%,17.6%,13.6%,20.9%,18.8%,16.5%,13.8,13.9,21.3%,13.6%,13.8%,17.3%
33,"ジェームズ・マイケル・マカドゥ
#14C/PF",島根,96,103,368,15.9%,80.3%,56.6%,57.7%,82.1%,96.5%,2.0%,3.5%,1.5,14.3%,16.4%,13.4%,0.9%,1.2%,16.4%,13.4%,22.0%,19.2%,20.0%,8.2%,9.6,18.4,20.8%,15.2%,10.6%,15.5%
33,"ジャレット・カルバー
#8SG/SF",仙台,96,223,432,22.7%,43.6%,53.0%,58.9%,48.5%,60.1%,28.8%,39.9%,1.2,31.7%,29.6%,28.1%,24.4%,24.8%,29.6%,28.1%,9.9%,19.9%,16.6%,17.5%,22.2,19.7,18.0%,31.0%,10.9%,33.9%
35,"ナシール・リトル
#8SF/PF",千葉J,95,103,254,23.3%,49.2%,54.7%,60.5%,52.3%,62.2%,24.4%,37.8%,1.4,16.1%,15.4%,14.3%,11.1%,12.7%,15.4%,14.3%,14.0%,16.6%,15.9%,7.7%,9.5,14.3,19.7%,18.3%,9.8%,16.1%
35,"スタンリー・ジョンソン
#14SF",長崎,95,210,338,19.6%,38.5%,53.1%,57.9%,43.8%,53.3%,36.6%,46.7%,1.3,24.2%,23.3%,24.6%,20.7%,23.1%,23.3%,24.6%,10.8%,17.6%,15.6%,15.9%,23.8,19.4,7.4%,22.0%,11.7%,26.1%
37,"アラン・ウィリアムズ
#15C",名古屋D,91,15,250,24.5%,71.2%,45.8%,50.9%,74.6%,99.0%,0.9%,1.0%,1.4,10.8%,11.1%,10.4%,0.3%,0.3%,11.1%,10.4%,13.4%,14.7%,14.2%,7.2%,9.4,8.2,17.2%,16.0%,14.3%,16.7%
38,"デイビッド・ダジンスキー
#23C/PF",佐賀,90,83,310,19.5%,50.9%,56.2%,61.1%,57.8%,66.7%,22.7%,33.3%,3.4,19.2%,19.7%,17.1%,12.2%,12.1%,19.7%,17.1%,15.5%,16.8%,16.4%,11.0%,6.4,11.3,17.6%,10.4%,10.3%,19.1%
38,"ネイサン・ブース
#45C/PF",仙台,90,41,162,11.0%,36.2%,60.9%,64.0%,43.4%,53.5%,45.6%,46.5%,2.0,14.3%,14.6%,12.7%,17.5%,13.1%,14.6%,12.7%,19.1%,13.1%,15.1%,13.6%,10.7,12.4,29.7%,7.0%,13.3%,8.4%
40,"タナー・グローヴス
#22C/PF",佐賀,89,68,308,18.8%,59.0%,62.5%,66.5%,60.5%,77.3%,20.7%,22.7%,0.8,16.4%,17.2%,13.3%,9.6%,6.4%,17.2%,13.3%,16.0%,20.4%,19.1%,5.4%,13.6,6.7,18.8%,24.7%,11.8%,15.4%
順位,選手,クラブ,得点,,,,,シュート,,2Pt,,3Pt,,アシスト,チーム内比率,,,,,,,,,,,,,,,,
,,,2NDPTS,FBPS,PITP,%PTSFT,%PTSPITP,EFG%,TS%,%PTS2PT,%FGA2PT,%PTS3PT,%FGA3PT,AST/TO,%PTS,%FGM,%FGA,%3PM,%3PA,%FTM,%FTA,%OREB,%DREB,%REB,%AST,%TOV,%STL,%BLK,%BLKA,%PF,%PFD
41,"ジャレル・マーティン
#1PF",越谷,88,48,226,16.1%,52.1%,47.9%,51.0%,60.4%,72.1%,23.5%,27.9%,1.2,15.2%,16.0%,15.8%,8.9%,9.7%,16.0%,15.8%,16.8%,17.3%,17.2%,10.2%,11.6,9.2,16.0%,16.0%,11.8%,13.1%
42,"齋藤 拓実
#2PG",名古屋D,86,80,136,11.1%,29.6%,55.3%,57.6%,37.4%,46.8%,51.5%,53.2%,2.9,14.1%,13.8%,13.3%,21.4%,17.6%,13.8%,13.3%,5.0%,6.2%,5.8%,25.0%,15.2,15.3,0.8%,8.0%,8.4%,18.1%
42,"ドゥシャン・リスティッチ
#14C",川崎,86,39,284,7.0%,55.3%,61.4%,62.7%,63.8%,68.4%,29.2%,31.6%,1.4,17.4%,19.4%,15.7%,13.9%,11.7%,19.4%,15.7%,17.7%,26.0%,23.6%,8.6%,9.4,6.7,26.8%,5.8%,9.1%,8.3%
44,"ディー・ジェイ・ホグ
#10SF/PF",千葉J,85,64,196,14.4%,37.1%,54.3%,57.4%,37.9%,44.2%,47.7%,55.8%,1.7,16.5%,16.0%,16.4%,22.2%,21.5%,16.0%,16.4%,13.8%,15.0%,14.7%,15.9%,15.9,14.8,22.0%,8.6%,13.6%,14.6%
45,"トーマス・ウィンブッシュ
#20SF/PF",滋賀,84,90,218,32.6%,34.5%,47.3%,56.7%,35.5%,52.6%,31.9%,47.4%,0.5,20.1%,15.9%,17.7%,18.3%,18.6%,15.9%,17.7%,10.5%,16.8%,14.8%,5.9%,15.3,7.3,10.7%,20.2%,9.6%,28.0%
46,"富永 啓生
#30SG",北海道,83,154,278,16.8%,38.8%,51.8%,56.1%,47.2%,56.2%,36.0%,43.8%,1.2,20.8%,20.0%,21.8%,28.0%,28.9%,20.0%,21.8%,3.3%,8.5%,6.7%,10.5%,14.9,18.7,0.0%,25.7%,8.5%,20.9%
47,"クリストファー・スミス
#8SG/SF",広島,82,136,244,25.3%,34.0%,56.8%,63.1%,35.4%,43.9%,39.3%,56.1%,2.0,21.4%,18.6%,18.2%,22.7%,21.9%,18.6%,18.2%,7.3%,14.0%,11.8%,15.8%,12.9,18.8,11.0%,15.4%,11.1%,25.0%
48,"ギャビン・エドワーズ
#33PF",宇都宮,81,51,164,17.4%,37.1%,59.8%,61.8%,38.5%,45.6%,44.1%,54.4%,1.1,13.3%,12.5%,11.8%,13.6%,12.3%,12.5%,11.8%,17.6%,16.2%,16.7%,6.8%,12.2,11.2,33.7%,11.5%,12.4%,16.9%
48,"アーロン・ヘンリー
#11SF",名古屋D,81,141,296,15.4%,44.3%,51.2%,54.5%,50.9%,64.9%,33.7%,35.1%,1.7,20.5%,20.6%,19.9%,20.3%,17.4%,20.6%,19.9%,6.9%,16.5%,13.0%,17.7%,18.5,22.3,35.2%,11.0%,9.8%,17.1%
50,"ダミアン・イングリス
#4C/PF",横浜BC,80,66,378,15.0%,60.3%,51.5%,54.7%,74.0%,86.8%,11.0%,13.2%,1.8,20.6%,22.4%,20.7%,6.9%,6.8%,22.4%,20.7%,9.6%,30.7%,24.3%,23.5%,21.4,20.4,30.0%,10.3%,13.4%,22.0%
51,"ケーレブ・ターズースキー
#25C",横浜BC,79,36,202,24.6%,71.1%,64.1%,68.9%,75.4%,100.0%,0.0%,0.0%,1.2,9.3%,9.4%,6.7%,0.0%,0.0%,9.4%,6.7%,23.5%,16.5%,18.6%,6.1%,8.1,6.9,14.3%,8.0%,10.5%,16.8%
51,"D.J・ニュービル
#25PG/SG",宇都宮,79,70,240,13.2%,32.7%,60.3%,62.1%,35.2%,38.1%,51.6%,61.9%,2.6,22.1%,21.3%,20.4%,26.4%,24.1%,21.3%,20.4%,4.4%,15.5%,11.8%,29.1%,21.1,18.8,10.5%,14.9%,11.2%,20.3%
51,"ライアン・ロシター
#22C/PF",A東京,79,27,154,23.2%,55.0%,54.3%,58.3%,58.6%,74.7%,18.2%,25.3%,3.6,8.9%,8.8%,7.9%,4.2%,4.4%,8.8%,7.9%,24.9%,25.7%,25.5%,21.5%,11.1,12.6,21.9%,8.2%,5.7%,16.7%
51,"ジョーダン・ヒース
#35C/PF",京都,79,38,138,7.3%,42.2%,51.0%,50.3%,42.2%,40.7%,50.5%,59.3%,1.1,11.7%,12.1%,11.9%,16.0%,15.6%,12.1%,11.9%,14.6%,18.9%,17.3%,6.7%,8.4,8.9,40.6%,13.4%,9.7%,11.3%
55,"アキル・ミッチェル
#25C/PF",長崎,78,47,220,15.3%,73.3%,57.2%,59.3%,74.7%,87.4%,10.0%,12.6%,2.3,8.3%,9.5%,8.2%,1.9%,2.1%,9.5%,8.2%,16.0%,14.9%,15.2%,10.8%,9.2,10.0,9.6%,14.0%,8.6%,11.1%
55,"ヤニー・ウェッツェル
#10C/PF",秋田,78,85,364,17.8%,66.2%,53.4%,56.5%,68.0%,83.7%,14.2%,16.3%,1.6,19.3%,20.3%,16.9%,8.4%,7.1%,20.3%,16.9%,17.0%,25.4%,22.7%,12.5%,11.8,12.2,27.8%,18.6%,10.9%,19.4%
57,"エマニュエル・テリー
#5C/PF",川崎,77,84,298,11.8%,71.8%,66.1%,67.3%,78.1%,88.1%,10.1%,11.9%,1.5,14.0%,16.0%,11.2%,3.9%,3.1%,16.0%,11.2%,20.8%,18.1%,18.9%,9.0%,8.7,12.2,23.2%,2.9%,9.2%,12.8%
57,"マーカス・フォスター
#17SG",A東京,77,55,254,12.3%,40.7%,53.9%,55.5%,42.9%,51.3%,44.7%,48.7%,1.6,19.9%,20.2%,20.2%,22.8%,21.9%,20.2%,20.2%,4.4%,10.0%,8.4%,16.3%,19.0,10.8,7.6%,23.3%,10.1%,14.9%
57,"コティ・クラーク
#1PF",島根,77,65,214,22.0%,45.2%,57.1%,63.0%,50.7%,66.6%,27.3%,33.4%,1.8,14.8%,14.0%,12.8%,12.3%,10.4%,14.0%,12.8%,8.2%,15.2%,13.3%,12.1%,11.6,10.7,5.2%,13.0%,8.4%,13.8%
60,"ジェイク・レイマン
#10SF/PF",三河,76,135,218,13.6%,39.6%,62.5%,64.4%,41.7%,44.6%,44.6%,55.4%,1.1,16.8%,16.7%,15.1%,19.6%,17.1%,16.7%,15.1%,11.2%,19.3%,17.0%,7.7%,13.4,20.6,27.7%,7.8%,12.7%,17.0%
順位,選手,クラブ,得点,,,,,シュート,,2Pt,,3Pt,,アシスト,チーム内比率,,,,,,,,,,,,,,,,
,,,2NDPTS,FBPS,PITP,%PTSFT,%PTSPITP,EFG%,TS%,%PTS2PT,%FGA2PT,%PTS3PT,%FGA3PT,AST/TO,%PTS,%FGM,%FGA,%3PM,%3PA,%FTM,%FTA,%OREB,%DREB,%REB,%AST,%TOV,%STL,%BLK,%BLKA,%PF,%PFD
61,"ベンドラメ 礼生
#9PG/SG",SR渋谷,75,51,110,17.7%,30.9%,42.1%,46.6%,42.7%,54.0%,39.6%,46.0%,1.8,12.0%,11.5%,13.7%,14.6%,16.0%,11.5%,13.7%,4.7%,4.3%,4.4%,15.0%,14.9,16.0,0.0%,26.4%,12.9%,16.5%
62,"ケビン・ジョーンズ
#5PF",北海道,74,93,190,7.9%,50.1%,59.0%,60.8%,61.2%,64.9%,30.9%,35.1%,2.5,11.0%,12.2%,11.2%,12.7%,11.9%,12.2%,11.2%,9.1%,15.5%,13.3%,8.3%,5.7,12.2,29.6%,8.6%,7.0%,4.3%
63,"ヴィック・ロー
#4SF/PF",琉球,68,45,202,14.9%,40.6%,51.7%,55.2%,54.3%,67.5%,30.8%,32.5%,2.5,15.6%,16.2%,15.4%,14.6%,11.9%,16.2%,15.4%,7.5%,17.7%,14.0%,16.7%,11.5,11.5,9.2%,3.3%,6.9%,16.1%
64,"ロバート・フランクス
#0SF/PF",茨城,67,98,208,14.8%,35.8%,59.9%,62.7%,43.4%,55.0%,41.8%,45.0%,1.5,19.8%,19.0%,17.0%,26.6%,19.4%,19.0%,17.0%,11.1%,18.5%,16.4%,14.3%,14.3,15.3,30.3%,10.7%,8.9%,17.4%
65,"アンソニー・クレモンズ
#5PG",越谷,66,55,190,15.1%,33.8%,55.0%,57.7%,40.6%,48.8%,44.3%,51.2%,2.0,19.7%,19.1%,18.0%,21.8%,20.4%,19.1%,18.0%,7.5%,13.7%,12.1%,20.4%,14.5,23.1,19.8%,9.2%,11.4%,20.4%
65,"トーマス・ウェルシュ
#40C",SR渋谷,66,27,188,10.8%,74.9%,56.3%,56.6%,89.2%,100.0%,0.0%,0.0%,2.2,8.5%,10.5%,7.8%,0.0%,0.0%,10.5%,7.8%,20.4%,14.6%,16.5%,3.3%,2.7,3.9,21.8%,4.2%,6.0%,6.3%
67,"保岡 龍斗
#23SG/SF",FE名古屋,65,100,106,12.9%,25.4%,53.5%,56.6%,31.7%,36.0%,55.4%,64.0%,2.1,13.2%,12.4%,13.0%,21.8%,20.1%,12.4%,13.0%,6.3%,9.7%,8.6%,11.1%,7.7,12.8,1.9%,8.3%,12.5%,9.2%
68,"レイ・パークスジュニア
#1SG",大阪,64,72,136,21.2%,30.4%,48.1%,53.6%,36.6%,42.8%,42.2%,57.2%,1.2,14.4%,12.8%,14.3%,18.4%,19.2%,12.8%,14.3%,6.9%,9.3%,8.4%,7.3%,9.3,10.2,3.1%,12.9%,9.4%,17.1%
69,"カイル・リチャードソン
#34C/PF",名古屋D,63,20,134,29.2%,56.8%,45.6%,51.6%,56.8%,77.6%,14.0%,22.4%,0.7,7.3%,6.5%,6.6%,3.0%,3.7%,6.5%,6.6%,15.7%,12.5%,13.7%,4.8%,13.1,9.0,4.1%,9.0%,14.7%,11.6%
70,"ヤンテ・メイテン
#1PF",三遠,62,36,182,27.5%,62.5%,55.2%,58.8%,65.3%,83.8%,7.2%,16.2%,1.3,9.0%,9.0%,7.6%,1.9%,2.8%,9.0%,7.6%,9.9%,7.3%,8.2%,5.5%,6.5,5.1,18.1%,5.4%,3.8%,12.8%
71,"キャメロン・ジャクソン
#7C/PF",三遠,60,52,202,22.5%,74.0%,53.1%,0.0%,75.3%,93.4%,2.2%,6.6%,1.8,6.7%,7.4%,6.4%,0.5%,1.0%,7.4%,6.4%,6.2%,8.7%,7.8%,6.5%,5.1,8.9,9.5%,9.8%,8.2%,7.5%
72,"タイラー・クック
#8C/PF",茨城,59,53,326,23.5%,76.5%,55.4%,57.2%,76.5%,99.7%,0.0%,0.3%,1.0,14.5%,15.0%,12.1%,0.0%,0.1%,15.0%,12.1%,11.4%,17.1%,15.5%,11.4%,17.5,8.1,12.4%,12.6%,7.9%,20.3%
72,"ヴォーディミル・ゲルン
#52C/PF",大阪,59,26,168,19.7%,75.3%,54.6%,56.3%,76.2%,95.1%,4.0%,4.9%,1.7,7.2%,7.8%,6.4%,0.9%,0.7%,7.8%,6.4%,14.1%,12.2%,12.8%,5.3%,4.9,6.1,26.8%,7.1%,4.7%,9.5%
72,"佐土原 遼
#8SF/PF",琉球,59,43,136,15.3%,49.6%,52.5%,55.4%,51.8%,55.2%,32.8%,44.8%,1.4,8.6%,8.8%,8.3%,8.6%,8.9%,8.8%,8.3%,7.1%,5.1%,5.9%,6.5%,8.1,6.7,8.3%,15.6%,10.6%,7.2%
72,"ジャモルコ・ピケット
#0SF/PF",FE名古屋,59,93,188,23.9%,38.4%,49.2%,55.4%,46.1%,58.0%,30.0%,42.0%,0.8,15.6%,14.1%,14.6%,13.8%,14.8%,14.1%,14.6%,9.3%,11.4%,10.7%,9.3%,16.7,11.7,21.4%,15.5%,10.0%,17.8%
76,"エヴァンス ルーク
#33PF",A千葉,58,51,156,11.9%,51.7%,46.5%,47.1%,54.3%,61.2%,33.8%,38.8%,1.1,9.8%,10.1%,11.4%,11.0%,12.1%,10.1%,11.4%,9.6%,12.0%,11.2%,7.4%,9.3,9.9,12.7%,13.4%,10.6%,10.9%
77,"ドワイト・ラモス
#2SG/SF",北海道,56,86,228,16.4%,47.4%,52.6%,55.8%,52.4%,63.4%,31.2%,36.6%,2.1,14.0%,13.8%,14.5%,16.3%,16.0%,13.8%,14.5%,7.2%,10.1%,9.1%,14.8%,12.1,17.9,19.4%,10.5%,10.2%,11.9%
77,"ブランドン・アシュリー
#21C/PF",A千葉,56,40,154,22.3%,63.6%,49.2%,54.9%,65.3%,80.1%,12.4%,19.9%,1.4,7.9%,7.7%,7.6%,3.2%,4.2%,7.7%,7.6%,9.6%,7.6%,8.2%,6.4%,6.5,8.5,8.2%,4.5%,7.5%,8.9%
77,"ゲイリー・クラーク
#8PF",横浜BC,56,32,152,8.2%,35.8%,53.4%,54.9%,40.9%,45.5%,50.8%,54.5%,1.4,13.9%,13.9%,14.6%,21.6%,20.0%,13.9%,14.6%,11.0%,15.9%,14.4%,7.9%,9.1,16.7,30.0%,13.8%,8.5%,8.3%
77,"ロスコ・アレン
#25SF/PF",川崎,56,111,196,28.3%,42.1%,46.6%,53.2%,44.6%,60.1%,27.0%,39.9%,1.0,15.8%,13.2%,14.5%,11.7%,13.6%,13.2%,14.5%,10.9%,15.8%,14.4%,6.6%,9.8,10.4,14.6%,13.5%,6.3%,27.1%
順位,選手,クラブ,得点,,,,,シュート,,2Pt,,3Pt,,アシスト,チーム内比率,,,,,,,,,,,,,,,,
,,,2NDPTS,FBPS,PITP,%PTSFT,%PTSPITP,EFG%,TS%,%PTS2PT,%FGA2PT,%PTS3PT,%FGA3PT,AST/TO,%PTS,%FGM,%FGA,%3PM,%3PA,%FTM,%FTA,%OREB,%DREB,%REB,%AST,%TOV,%STL,%BLK,%BLKA,%PF,%PFD
81,"アンジェロ・カロイアロ
#32SF/PF",京都,54,92,160,27.4%,52.8%,65.9%,72.1%,56.8%,76.0%,15.8%,24.0%,2.0,10.9%,10.0%,6.7%,4.7%,3.6%,10.0%,6.7%,6.4%,7.1%,6.9%,8.4%,5.7,6.5,4.0%,4.1%,2.7%,11.3%
81,"エージェー・エドゥ
#15C/PF",群馬,54,32,184,24.2%,69.7%,52.9%,59.6%,75.8%,99.5%,0.0%,0.5%,1.5,8.2%,8.7%,7.7%,0.0%,0.1%,8.7%,7.7%,18.6%,17.2%,17.7%,7.4%,9.1,9.0,38.5%,20.2%,9.2%,7.9%
83,"渡邊 雄太
#1SF/PF",千葉J,53,83,178,19.0%,36.0%,49.9%,53.9%,45.3%,56.2%,35.8%,43.8%,1.3,15.4%,14.9%,15.8%,15.6%,16.3%,14.9%,15.8%,5.4%,13.3%,11.0%,9.1%,12.5,15.8,21.2%,7.5%,4.8%,17.3%
84,"今村 佳太
#30SG/SF",名古屋D,52,78,106,9.5%,27.2%,44.1%,46.2%,33.4%,38.6%,57.1%,61.4%,2.4,12.0%,11.7%,14.4%,20.0%,21.9%,11.7%,14.4%,6.2%,7.6%,7.1%,13.1%,9.6,9.3,7.4%,6.0%,9.3%,7.4%
84,"セルジオ・エル ダーウィッチ
#9SG",仙台,52,52,214,10.7%,57.2%,49.4%,51.2%,62.0%,68.0%,27.3%,32.0%,2.3,12.0%,13.3%,13.2%,8.7%,9.3%,13.3%,13.2%,8.0%,15.3%,12.9%,24.4%,16.6,17.5,9.0%,16.0%,11.3%,14.5%
84,"安藤 誓哉
#3PG",横浜BC,52,66,148,12.8%,26.6%,52.5%,55.9%,38.1%,42.4%,49.1%,57.6%,1.7,18.2%,17.3%,18.5%,27.2%,26.7%,17.3%,18.5%,2.9%,7.2%,5.8%,15.7%,15.2,8.6,0.0%,14.9%,5.7%,13.7%
87,"ジャレル・ブラントリー
#7PF",長崎,51,78,296,12.9%,48.8%,50.5%,53.3%,50.5%,56.2%,36.6%,43.8%,2.2,16.7%,17.7%,19.3%,14.3%,17.1%,17.7%,19.3%,11.5%,16.0%,14.7%,20.2%,17.3,17.7,27.7%,22.0%,13.4%,16.9%
88,"岸本 隆一
#14PG/SG",琉球,50,40,100,15.8%,23.9%,45.8%,50.1%,29.7%,35.9%,54.5%,64.1%,2.2,13.1%,12.0%,14.5%,21.7%,22.1%,12.0%,14.5%,2.7%,5.8%,4.6%,16.3%,12.4,14.9,1.7%,10.0%,10.1%,16.3%
89,"杉本 天昇
#10SG",FE名古屋,49,50,74,8.1%,27.1%,52.7%,53.9%,38.1%,39.9%,53.8%,60.1%,2.5,8.7%,8.8%,9.1%,13.8%,13.3%,8.8%,9.1%,6.9%,4.9%,5.6%,4.3%,2.5,7.0,1.9%,8.3%,5.6%,5.1%
89,"金丸 晃輔
#14SF",佐賀,49,46,60,11.1%,19.0%,61.4%,64.1%,22.2%,35.1%,66.7%,64.9%,1.5,9.9%,9.3%,8.9%,18.6%,12.3%,9.3%,8.9%,3.6%,3.4%,3.4%,3.1%,4.1,4.3,5.9%,3.9%,4.0%,5.5%
89,"西田 優大
#19SG/SF",三河,49,70,258,12.6%,60.3%,52.2%,55.0%,60.7%,64.2%,26.6%,35.8%,2.7,13.1%,14.3%,14.2%,9.1%,10.4%,14.3%,14.2%,9.2%,5.1%,6.3%,15.7%,11.2,11.8,9.6%,29.1%,11.1%,10.7%
92,"トーマス・ケネディ
#1SF/PF",三河,48,52,120,11.4%,39.0%,59.6%,62.3%,46.8%,47.6%,41.9%,52.4%,0.9,9.4%,9.8%,9.1%,10.3%,9.7%,9.8%,9.1%,5.6%,6.8%,6.4%,2.0%,4.3,6.3,6.4%,7.8%,10.3%,5.5%
92,"ヨハネス・ティーマン
#32PF",群馬,48,25,116,18.3%,66.3%,60.6%,63.9%,69.7%,79.7%,12.0%,20.3%,2.1,5.4%,5.9%,4.8%,1.7%,2.1%,5.9%,4.8%,7.6%,6.6%,6.9%,4.8%,4.4,4.7,5.8%,10.7%,3.3%,5.1%
94,"フランシス・ロペス
#20SF",FE名古屋,47,68,180,17.1%,71.7%,51.0%,53.4%,78.1%,88.2%,4.8%,11.8%,0.7,8.0%,8.9%,7.8%,1.1%,2.2%,8.9%,7.8%,9.1%,9.6%,9.4%,3.1%,6.9,8.1,24.3%,7.1%,12.0%,9.8%
94,"ジェレミー・ジョーンズ
#22SF",FE名古屋,47,56,100,15.2%,30.3%,54.1%,57.4%,30.3%,38.6%,54.5%,61.4%,1.8,10.5%,9.6%,10.0%,16.9%,14.8%,9.6%,10.0%,7.8%,13.1%,11.5%,10.7%,8.6,19.0,6.8%,13.1%,10.1%,9.6%
94,"アンドリュー・ランダル
#7SF",SR渋谷,47,53,86,39.6%,28.9%,39.5%,0.0%,45.7%,64.2%,14.7%,35.8%,2.5,5.4%,3.9%,4.7%,3.1%,4.7%,3.9%,4.7%,5.7%,5.1%,5.3%,6.1%,4.4,6.5,1.7%,2.8%,3.2%,9.9%
97,"前田 悟
#13SG",京都,46,29,84,13.5%,24.6%,47.4%,50.3%,35.7%,41.0%,50.9%,59.0%,1.2,12.3%,11.6%,12.5%,16.9%,16.4%,11.6%,12.5%,3.3%,4.7%,4.2%,7.5%,8.2,12.2,2.0%,9.3%,10.9%,9.0%
97,"馬場 雄大
#18SG/SF",長崎,46,140,192,16.0%,39.5%,60.4%,63.8%,43.2%,51.2%,40.7%,48.8%,2.1,13.4%,13.3%,12.5%,12.8%,12.3%,13.3%,12.5%,13.1%,10.5%,11.3%,13.5%,12.1,16.6,17.0%,10.0%,11.3%,14.3%
99,"三谷 桂司朗
#34SF",広島,45,55,82,9.7%,26.6%,52.5%,54.2%,27.9%,30.9%,62.3%,69.1%,1.0,9.2%,9.0%,10.2%,15.5%,15.1%,9.0%,10.2%,9.3%,6.2%,7.2%,3.5%,5.8,13.4,18.0%,12.1%,12.5%,5.2%
100,"メイヨ ニック
#24C/PF",広島,44,51,102,11.0%,30.3%,57.5%,59.4%,35.6%,46.4%,53.4%,53.6%,2.9,10.1%,10.1%,10.1%,14.5%,11.6%,10.1%,10.1%,6.1%,13.4%,11.0%,10.9%,6.1,10.3,13.0%,9.9%,4.9%,5.7%
順位,選手,クラブ,得点,,,,,シュート,,2Pt,,3Pt,,アシスト,チーム内比率,,,,,,,,,,,,,,,,
,,,2NDPTS,FBPS,PITP,%PTSFT,%PTSPITP,EFG%,TS%,%PTS2PT,%FGA2PT,%PTS3PT,%FGA3PT,AST/TO,%PTS,%FGM,%FGA,%3PM,%3PA,%FTM,%FTA,%OREB,%DREB,%REB,%AST,%TOV,%STL,%BLK,%BLKA,%PF,%PFD
101,"ジョシュ・ハレルソン
#55C/PF",佐賀,43,10,74,4.6%,37.6%,48.0%,48.3%,40.6%,34.2%,54.8%,65.8%,2.4,6.2%,6.7%,7.7%,9.6%,10.8%,6.7%,7.7%,12.6%,13.9%,13.5%,6.0%,5.1,8.9,22.4%,2.6%,4.1%,2.9%
102,"吉井 裕鷹
#10SF",三遠,42,62,112,15.5%,42.4%,51.6%,54.3%,44.7%,51.9%,39.8%,48.1%,2.2,8.1%,8.3%,8.6%,9.3%,9.4%,8.3%,8.6%,4.6%,5.8%,5.4%,4.6%,3.3,10.2,2.6%,10.9%,7.1%,5.8%
102,"小川 麻斗
#12PG",京都,42,69,102,12.7%,27.6%,41.9%,44.8%,40.1%,49.2%,47.2%,50.8%,1.3,13.2%,12.9%,15.3%,16.9%,17.3%,12.9%,15.3%,2.3%,7.0%,5.3%,14.2%,14.8,11.3,5.0%,7.2%,9.3%,13.1%
104,"宇都 直輝
#11PG",富山,41,89,232,21.1%,74.1%,45.9%,50.4%,76.0%,93.3%,2.9%,6.7%,1.7,9.8%,10.6%,10.2%,1.1%,2.0%,10.6%,10.2%,7.2%,6.0%,6.4%,18.7%,15.5,10.3,1.2%,20.8%,9.5%,15.1%
104,"河田 チリジ
#15C",三遠,41,4,104,25.5%,71.7%,47.4%,51.5%,74.5%,100.0%,0.0%,0.0%,0.5,4.5%,4.7%,4.5%,0.0%,0.0%,4.7%,4.5%,10.1%,7.6%,8.5%,2.4%,7.9,5.1,16.4%,9.8%,10.2%,6.0%
104,"細川 一輝
#29SG",群馬,41,22,30,1.1%,10.9%,55.1%,55.3%,18.2%,17.8%,80.7%,82.2%,1.9,8.5%,8.6%,10.0%,17.9%,17.5%,8.6%,10.0%,5.6%,6.2%,6.0%,5.3%,5.3,9.8,2.9%,2.4%,11.5%,1.2%
104,"松山 駿
#7PG/SG",越谷,41,39,94,13.1%,20.9%,59.3%,62.3%,28.1%,34.7%,58.8%,65.3%,1.4,15.7%,14.6%,13.7%,23.2%,19.7%,14.6%,13.7%,4.1%,4.9%,4.7%,10.1%,10.1,6.9,1.2%,9.2%,10.8%,17.6%
108,"中山 拓哉
#17PG/SG",秋田,40,43,74,16.9%,25.0%,41.6%,45.8%,32.4%,40.9%,50.7%,59.1%,2.2,10.4%,9.4%,11.8%,16.2%,18.1%,9.4%,11.8%,13.3%,10.5%,11.4%,17.4%,11.7,19.0,4.4%,9.3%,10.6%,10.7%
109,"比江島 慎
#6SG",宇都宮,39,54,130,18.2%,29.5%,53.1%,56.0%,35.5%,44.2%,46.4%,55.8%,2.4,13.3%,12.2%,13.1%,14.3%,14.0%,12.2%,13.1%,6.0%,6.9%,6.6%,21.5%,17.0,17.6,9.3%,16.1%,13.4%,20.9%
110,"チェイス・フィーラー
#60PF",A東京,38,20,126,18.4%,62.6%,54.8%,0.0%,66.3%,68.7%,15.3%,31.3%,2.7,3.7%,3.8%,3.4%,1.5%,2.0%,3.8%,3.4%,6.0%,4.9%,5.3%,4.1%,2.4,2.2,13.3%,2.7%,5.3%,3.0%
110,"安藤 周人
#9SG",A東京,38,52,62,12.8%,15.3%,57.7%,60.4%,16.8%,24.5%,70.4%,75.5%,1.5,12.9%,11.5%,12.2%,23.3%,20.5%,11.5%,12.2%,3.2%,8.9%,7.2%,6.6%,8.1,13.5,2.9%,6.8%,10.8%,8.6%
110,"富樫 勇樹
#2PG",千葉J,38,32,62,13.4%,15.6%,49.3%,52.8%,20.2%,30.4%,66.5%,69.6%,2.4,12.4%,11.1%,13.8%,23.3%,22.5%,11.1%,13.8%,1.7%,3.2%,2.8%,22.4%,16.2,10.2,0.0%,18.3%,7.6%,11.2%
110,"津屋 一球
#28SG",三遠,38,47,28,4.2%,9.8%,61.2%,60.6%,9.8%,11.2%,86.0%,88.8%,1.7,8.8%,8.4%,8.9%,21.7%,18.0%,8.4%,8.9%,4.8%,4.4%,4.6%,5.0%,4.5,4.4,0.9%,1.1%,9.6%,2.4%
110,"辻 直人
#9SG",群馬,38,22,32,9.2%,10.6%,54.1%,56.3%,14.5%,18.1%,76.2%,81.9%,3.8,9.4%,8.6%,10.3%,18.6%,17.9%,8.6%,10.3%,2.9%,4.5%,4.0%,10.8%,5.3,3.5,1.0%,3.6%,6.6%,6.3%
115,"レイナルド・ガルシア
#2PG",佐賀,37,82,150,30.4%,54.3%,58.9%,64.6%,58.7%,79.8%,10.9%,20.2%,2.8,8.7%,8.1%,6.4%,2.7%,2.8%,8.1%,6.4%,5.8%,8.7%,7.8%,7.9%,5.7,13.1,5.9%,6.5%,7.8%,16.1%
116,"市場 脩斗
#12PG/SG",北海道,36,30,54,27.2%,23.3%,47.5%,53.5%,30.2%,51.1%,42.7%,48.9%,1.2,6.8%,5.3%,6.7%,10.7%,10.0%,5.3%,6.7%,4.3%,4.4%,4.4%,6.4%,9.2,5.7,7.1%,6.7%,13.2%,11.0%
116,"田中 大貴
#13SG",SR渋谷,36,54,108,6.4%,32.7%,49.2%,50.9%,54.5%,59.2%,39.1%,40.8%,3.3,11.2%,12.4%,12.3%,13.4%,12.8%,12.4%,12.3%,3.4%,3.5%,3.5%,13.3%,7.1,16.9,3.4%,6.9%,10.4%,4.0%
118,"ジャメール・マクリーン
#1C/PF",秋田,35,26,108,35.6%,60.0%,52.8%,0.0%,64.4%,87.6%,0.0%,12.4%,1.3,5.3%,4.5%,3.6%,0.0%,1.0%,4.5%,3.6%,6.3%,6.4%,6.4%,4.6%,4.5,4.3,7.8%,4.7%,5.2%,12.6%
118,"竹内 公輔
#10C/PF",宇都宮,35,10,46,23.0%,52.9%,40.9%,46.3%,52.9%,59.8%,24.1%,40.2%,1.9,2.6%,2.5%,3.2%,1.5%,2.4%,2.5%,3.2%,7.6%,9.3%,8.7%,1.7%,1.7,2.4,7.0%,6.9%,4.1%,2.6%
118,"金近 廉
#12SF",千葉J,35,30,38,3.6%,22.6%,58.7%,59.0%,25.0%,28.3%,71.4%,71.7%,2.7,5.2%,5.3%,5.4%,10.6%,9.2%,5.3%,5.4%,1.1%,3.6%,2.9%,3.7%,2.4,5.1,5.3%,4.3%,6.5%,2.0%
順位,選手,クラブ,得点,,,,,シュート,,2Pt,,3Pt,,アシスト,チーム内比率,,,,,,,,,,,,,,,,
,,,2NDPTS,FBPS,PITP,%PTSFT,%PTSPITP,EFG%,TS%,%PTS2PT,%FGA2PT,%PTS3PT,%FGA3PT,AST/TO,%PTS,%FGM,%FGA,%3PM,%3PA,%FTM,%FTA,%OREB,%DREB,%REB,%AST,%TOV,%STL,%BLK,%BLKA,%PF,%PFD
121,"藤井 祐眞
#0PG/SG",群馬,34,30,16,22.6%,4.5%,49.5%,55.3%,9.6%,15.9%,67.8%,84.1%,2.1,11.0%,8.5%,11.2%,19.4%,20.1%,8.5%,11.2%,4.3%,4.6%,4.5%,12.3%,10.9,11.3,0.0%,6.0%,14.9%,18.5%
121,"アリ・メザー
#22PG",秋田,34,57,134,9.8%,62.3%,47.1%,49.4%,67.9%,74.3%,22.3%,25.7%,1.6,7.5%,8.5%,8.2%,5.2%,5.5%,8.5%,8.2%,3.5%,5.8%,5.0%,17.0%,15.7,8.6,0.0%,9.3%,5.3%,6.9%
123,"グラント・ジェレット
#34PF",宇都宮,33,14,66,8.1%,29.7%,54.3%,56.0%,35.1%,43.6%,56.8%,56.4%,1.9,6.7%,6.8%,7.3%,8.8%,7.8%,6.8%,7.3%,6.6%,7.6%,7.3%,4.1%,4.1,4.4,9.3%,2.3%,6.7%,4.1%
123,"湧川 颯斗
#14PG",三遠,33,43,100,19.3%,43.9%,48.9%,53.4%,43.9%,56.4%,36.8%,43.6%,1.4,7.0%,6.9%,7.5%,7.4%,7.4%,6.9%,7.5%,7.8%,6.5%,6.9%,9.8%,10.8,11.3,1.7%,14.1%,12.9%,8.8%
123,"岡田 侑大
#77PG/SG",島根,33,62,204,14.5%,36.0%,54.4%,57.8%,42.7%,49.1%,42.9%,50.9%,1.9,17.7%,17.3%,17.6%,23.1%,21.9%,17.3%,17.6%,2.2%,7.4%,6.0%,21.8%,20.0,12.5,10.4%,13.0%,11.2%,21.3%
123,"角田 太輝
#25SG",佐賀,33,46,104,14.0%,28.0%,42.2%,45.8%,35.0%,36.0%,50.9%,64.0%,2.4,11.7%,11.4%,14.8%,16.8%,20.2%,11.4%,14.8%,7.5%,8.4%,8.1%,24.6%,20.5,12.4,4.7%,11.7%,12.1%,12.3%
127,"荒谷 裕秀
#11SG/SF",仙台,32,26,88,5.6%,49.2%,51.2%,51.6%,52.5%,51.5%,41.9%,48.5%,1.1,5.7%,6.4%,6.4%,6.4%,6.9%,6.4%,6.4%,4.6%,4.2%,4.3%,6.5%,8.9,5.7,3.6%,2.0%,7.5%,3.7%
127,"アーロン・ホワイト
#30C/PF",三河,32,66,104,24.0%,37.8%,50.7%,55.3%,40.0%,51.9%,36.0%,48.1%,2.8,8.4%,7.5%,8.2%,7.9%,8.0%,7.5%,8.2%,12.9%,17.4%,16.1%,8.9%,6.2,10.9,19.1%,8.7%,7.9%,15.4%
127,"竹内 譲次
#15C/PF",大阪,32,25,68,30.2%,52.7%,44.1%,51.3%,55.8%,75.5%,14.0%,24.5%,1.2,4.2%,3.7%,4.0%,1.7%,2.3%,3.7%,4.0%,8.9%,8.6%,8.7%,4.7%,6.1,4.1,17.5%,7.9%,7.7%,8.0%
127,"中村 拓人
#6PG",群馬,32,59,206,12.0%,57.5%,48.0%,50.6%,63.7%,66.5%,24.3%,33.5%,1.9,11.1%,12.5%,13.3%,7.0%,9.5%,12.5%,13.3%,4.3%,4.9%,4.7%,14.0%,14.0,22.3,5.8%,20.2%,11.9%,8.8%
131,"須藤 昂矢
#30SG",横浜BC,31,12,54,13.3%,29.8%,51.0%,53.7%,38.7%,44.2%,48.1%,55.8%,2.0,5.9%,5.6%,6.2%,8.7%,8.6%,5.6%,6.2%,5.0%,2.6%,3.4%,5.5%,4.4,3.3,2.9%,9.2%,11.1%,6.6%
131,"船生 誠也
#7PG/SG",仙台,31,43,64,12.6%,38.3%,56.6%,59.3%,40.7%,42.6%,46.7%,57.4%,2.4,5.3%,5.3%,5.0%,6.7%,6.4%,5.3%,5.0%,3.4%,4.9%,4.4%,6.9%,4.6,12.1,0.0%,6.0%,11.0%,4.2%
131,"テレンス・ウッドベリー
#30SF/PF",群馬,31,40,120,7.8%,36.0%,57.9%,59.1%,57.1%,60.4%,35.1%,39.6%,1.0,10.3%,11.7%,10.7%,9.4%,9.1%,11.7%,10.7%,2.2%,10.8%,8.0%,6.2%,11.3,3.9,3.8%,10.7%,6.6%,6.5%
131,"阿部 諒
#13SG",佐賀,31,62,128,18.3%,37.2%,41.7%,46.1%,51.2%,58.2%,30.5%,41.8%,2.5,10.8%,10.9%,13.2%,9.3%,11.8%,10.9%,13.2%,4.8%,7.5%,6.7%,21.8%,17.7,20.9,8.2%,13.0%,12.5%,12.4%
135,"須田 侑太郎
#13SG/SF",三河,30,24,48,5.5%,26.2%,54.7%,56.3%,27.3%,26.6%,67.2%,73.4%,2.8,5.6%,5.6%,6.3%,9.8%,9.4%,5.6%,6.3%,6.3%,3.8%,4.5%,4.4%,3.1,6.3,4.3%,6.8%,8.2%,3.0%
135,"セクー・ドゥムブヤ
#45SF/PF",越谷,30,87,230,15.6%,55.3%,51.6%,54.9%,60.6%,66.8%,23.8%,33.2%,0.8,14.6%,15.4%,14.1%,8.7%,10.4%,15.4%,14.1%,5.8%,16.0%,13.4%,5.7%,10.1,9.6,9.9%,10.9%,4.1%,13.8%
135,"游 艾喆
#7PG",滋賀,30,49,142,5.8%,48.1%,50.7%,51.9%,55.6%,52.6%,38.6%,47.4%,3.1,9.4%,10.6%,10.8%,10.4%,11.3%,10.6%,10.8%,7.6%,7.8%,7.7%,31.5%,13.4,19.7,8.7%,6.4%,11.4%,5.8%
138,"長谷川 暢
#3PG",茨城,29,82,130,13.8%,33.3%,49.6%,52.6%,41.5%,53.1%,44.6%,46.9%,2.2,13.3%,12.8%,13.9%,19.0%,16.6%,12.8%,13.9%,3.1%,4.9%,4.4%,13.8%,9.4,18.7,1.1%,17.5%,10.8%,11.3%
139,"ザック・バランスキー
#10SF/PF",A東京,28,18,66,5.3%,34.7%,43.1%,44.1%,34.7%,31.6%,60.0%,68.4%,1.5,6.1%,6.3%,8.3%,9.3%,12.7%,6.3%,8.3%,4.8%,6.2%,5.8%,5.3%,6.8,11.2,6.7%,2.7%,11.2%,4.2%
139,"長谷川 比源
#34SF/PF",滋賀,28,35,80,4.9%,77.7%,44.5%,44.7%,83.5%,70.0%,11.7%,30.0%,0.7,3.3%,4.2%,4.3%,1.1%,2.9%,4.2%,4.3%,5.0%,4.3%,4.5%,1.8%,3.3,3.8,7.8%,9.2%,5.8%,2.6%
順位,選手,クラブ,得点,,,,,シュート,,2Pt,,3Pt,,アシスト,チーム内比率,,,,,,,,,,,,,,,,
,,,2NDPTS,FBPS,PITP,%PTSFT,%PTSPITP,EFG%,TS%,%PTS2PT,%FGA2PT,%PTS3PT,%FGA3PT,AST/TO,%PTS,%FGM,%FGA,%3PM,%3PA,%FTM,%FTA,%OREB,%DREB,%REB,%AST,%TOV,%STL,%BLK,%BLKA,%PF,%PFD
139,"中村 功平
#13PG/SG",茨城,28,30,36,8.9%,15.2%,46.0%,48.0%,22.8%,28.5%,68.4%,71.5%,2.9,8.1%,7.4%,9.7%,17.7%,17.5%,7.4%,9.7%,2.9%,3.4%,3.2%,8.8%,4.5,7.2,0.0%,6.8%,11.6%,7.1%
139,"並里 成
#3PG",FE名古屋,28,30,94,17.6%,30.7%,40.9%,45.3%,56.9%,67.5%,25.5%,32.5%,2.6,9.7%,9.8%,11.8%,7.3%,9.3%,9.8%,11.8%,2.7%,6.0%,5.0%,23.1%,13.1,8.4,1.0%,9.5%,8.5%,11.2%
139,"牧 隼利
#88PG/SG",大阪,28,18,40,4.6%,30.8%,57.9%,57.9%,40.0%,42.1%,55.4%,57.9%,1.4,4.2%,4.4%,4.2%,7.0%,5.7%,4.4%,4.2%,2.2%,2.3%,2.3%,5.1%,5.7,4.1,2.1%,2.1%,6.1%,2.3%
144,"トレイ・ジョーンズ
#4SF",群馬,27,32,82,15.9%,27.7%,58.7%,62.5%,40.5%,51.4%,43.6%,48.6%,2.5,9.2%,9.0%,8.6%,10.4%,8.9%,9.0%,8.6%,4.0%,7.5%,6.4%,11.0%,8.2,8.6,8.7%,1.2%,7.7%,9.0%
144,"澁田 怜音
#3PG",京都,27,33,80,7.1%,31.5%,45.7%,47.1%,43.3%,47.3%,49.6%,52.7%,2.0,9.1%,9.5%,10.3%,12.2%,12.1%,9.5%,10.3%,1.0%,2.6%,2.0%,10.6%,7.1,3.9,1.0%,6.2%,9.1%,8.7%
144,"古川 孝敏
#51SG/SF",京都,27,35,58,14.7%,25.1%,49.7%,53.5%,42.4%,51.0%,42.9%,49.0%,1.2,8.3%,8.0%,7.9%,9.6%,8.6%,8.0%,7.9%,2.3%,4.5%,3.7%,4.8%,5.2,3.0,0.0%,6.2%,4.7%,5.7%
144,"岡田 泰希
#6PG/SG",滋賀,27,33,40,7.4%,18.6%,50.3%,51.8%,21.4%,26.8%,71.2%,73.2%,2.1,6.9%,6.6%,7.8%,13.9%,12.6%,6.6%,7.8%,3.9%,3.1%,3.4%,5.0%,3.1,4.2,1.0%,4.6%,6.3%,3.5%
144,"篠山 竜青
#7PG",川崎,27,20,70,12.3%,22.7%,59.2%,62.0%,30.4%,39.3%,57.3%,60.7%,2.0,10.5%,9.6%,9.3%,16.4%,13.2%,9.6%,9.3%,2.9%,4.6%,4.1%,23.9%,17.9,11.9,1.2%,10.6%,13.6%,11.2%
144,"坂本 聖芽
#60PG/SG",大阪,27,49,72,10.6%,47.7%,46.6%,48.4%,51.7%,55.9%,37.7%,44.1%,2.2,4.9%,5.1%,5.7%,5.5%,5.9%,5.1%,5.7%,5.6%,4.3%,4.7%,11.5%,8.4,13.3,6.2%,6.4%,9.8%,4.3%
144,"飯尾 文哉
#22SG",島根,27,28,98,2.6%,42.8%,49.6%,49.7%,46.3%,50.2%,51.1%,49.8%,1.3,7.2%,7.9%,8.9%,11.1%,10.8%,7.9%,8.9%,4.5%,4.1%,4.2%,6.5%,8.5,5.9,3.9%,13.0%,10.9%,2.6%
151,"津山 尚大
#13PG/SG",川崎,26,48,84,7.8%,21.9%,47.1%,48.7%,27.2%,35.5%,65.0%,64.5%,1.6,13.0%,12.3%,15.2%,23.1%,23.0%,12.3%,15.2%,3.4%,2.5%,2.8%,8.8%,8.3,11.5,1.2%,13.5%,5.3%,8.7%
151,"アイザイア・マーフィー
#5PG/SG",名古屋D,26,49,58,10.4%,31.9%,47.9%,50.3%,35.2%,37.1%,54.4%,62.9%,2.1,5.6%,5.5%,6.1%,8.9%,9.6%,5.5%,6.1%,4.0%,5.2%,4.8%,4.0%,3.3,9.0,9.8%,4.0%,8.1%,3.6%
151,"杉本 慶
#11PG",A千葉,26,28,104,12.7%,42.4%,50.5%,53.4%,53.1%,60.8%,34.3%,39.2%,2.1,8.0%,8.1%,8.4%,9.0%,9.1%,8.1%,8.4%,4.5%,5.8%,5.4%,19.0%,12.5,15.0,3.6%,12.5%,12.6%,8.5%
151,"須藤 タイレル拓
#6PG/SG",FE名古屋,26,52,78,11.9%,38.8%,54.0%,56.4%,44.8%,49.4%,43.3%,50.6%,1.1,6.4%,6.4%,6.3%,8.2%,7.7%,6.4%,6.3%,6.1%,2.6%,3.7%,5.1%,6.7,6.6,4.9%,7.1%,9.2%,4.1%
155,"山口 颯斗
#17SG/SF",長崎,25,39,64,10.2%,26.2%,60.5%,62.1%,27.0%,36.5%,62.7%,63.5%,1.5,6.7%,6.5%,6.7%,9.9%,8.6%,6.5%,6.7%,5.9%,6.1%,6.0%,4.2%,5.2,8.0,4.3%,9.0%,10.1%,4.0%
155,"飯田 遼
#17SG/SF",川崎,25,36,14,5.5%,7.0%,54.3%,55.6%,9.0%,14.4%,85.5%,85.6%,2.4,6.8%,6.0%,7.0%,15.8%,14.2%,6.0%,7.0%,2.6%,3.8%,3.5%,4.4%,2.7,7.4,3.7%,4.8%,11.7%,3.1%
155,"小酒部 泰暉
#75SG",A東京,25,11,88,16.1%,35.3%,47.3%,51.0%,36.9%,43.9%,47.0%,56.1%,4.2,8.0%,7.5%,8.8%,9.6%,11.0%,7.5%,8.8%,1.6%,6.3%,4.9%,12.4%,5.4,11.2,1.9%,8.2%,11.1%,11.0%
155,"岡田 雄三
#3PG",富山,25,58,92,15.9%,36.7%,41.5%,44.7%,37.5%,43.7%,46.6%,56.3%,2.5,7.8%,7.5%,9.6%,14.1%,15.6%,7.5%,9.6%,4.4%,6.5%,5.8%,20.4%,11.1,14.4,3.6%,9.2%,13.1%,8.8%
155,"小澤 飛悠
#4SF",名古屋D,25,42,42,11.4%,30.0%,43.4%,46.1%,32.9%,35.7%,55.7%,64.3%,1.8,4.3%,4.1%,5.2%,7.0%,8.2%,4.1%,5.2%,2.7%,1.5%,1.9%,1.9%,1.9,3.7,1.6%,9.0%,6.0%,2.3%
155,"キーファー・ラベナ
#15PG/SG",横浜BC,25,82,202,20.5%,43.6%,53.5%,58.8%,47.1%,58.4%,32.4%,41.6%,2.1,15.2%,13.9%,13.7%,15.0%,14.4%,13.9%,13.7%,3.8%,6.4%,5.6%,17.6%,13.5,13.9,5.7%,13.8%,11.7%,17.7%
順位,選手,クラブ,得点,,,,,シュート,,2Pt,,3Pt,,アシスト,チーム内比率,,,,,,,,,,,,,,,,
,,,2NDPTS,FBPS,PITP,%PTSFT,%PTSPITP,EFG%,TS%,%PTS2PT,%FGA2PT,%PTS3PT,%FGA3PT,AST/TO,%PTS,%FGM,%FGA,%3PM,%3PA,%FTM,%FTA,%OREB,%DREB,%REB,%AST,%TOV,%STL,%BLK,%BLKA,%PF,%PFD
161,"西田 陽成
#14SG",滋賀,24,25,32,10.1%,23.2%,48.4%,50.4%,24.6%,30.5%,65.2%,69.5%,1.0,4.4%,4.2%,5.0%,8.2%,7.8%,4.2%,5.0%,3.5%,3.8%,3.7%,3.4%,4.3,5.2,2.9%,3.7%,5.1%,3.9%
161,"遠藤 祐亮
#9SG",宇都宮,24,35,24,3.4%,11.6%,58.5%,58.7%,12.6%,11.1%,84.1%,88.9%,1.9,6.2%,5.9%,6.6%,12.2%,11.2%,5.9%,6.6%,2.6%,4.4%,3.8%,6.0%,5.9,7.2,0.0%,0.0%,10.2%,1.7%
161,"デイミアン・ドットソン
#21SG",琉球,24,47,46,14.1%,20.3%,54.8%,59.0%,29.1%,41.0%,56.8%,59.0%,1.1,7.1%,6.6%,6.7%,12.3%,9.4%,6.6%,6.7%,1.8%,6.4%,4.7%,3.3%,4.9,4.8,2.5%,3.3%,3.5%,3.6%
161,"黒川 虎徹
#3PG",A千葉,24,67,140,10.1%,39.1%,52.3%,54.8%,44.7%,53.9%,45.3%,46.1%,2.3,11.6%,11.7%,12.2%,17.4%,15.5%,11.7%,12.2%,2.1%,4.4%,3.7%,17.3%,10.6,14.1,0.0%,15.2%,9.1%,6.2%
161,"納見 悠仁
#21PG/SG",島根,24,36,52,9.7%,21.0%,49.6%,51.9%,22.6%,31.4%,67.7%,68.6%,2.2,7.8%,7.2%,8.9%,16.0%,14.9%,7.2%,8.9%,3.7%,5.6%,5.1%,16.9%,13.5,12.9,0.0%,13.0%,8.9%,5.1%
161,"マイケル・オウ
#7C",千葉J,24,3,72,12.2%,87.8%,63.2%,63.2%,87.8%,100.0%,0.0%,0.0%,1.0,2.6%,3.1%,2.2%,0.0%,0.0%,3.1%,2.2%,5.8%,2.8%,3.7%,0.9%,1.5,1.0,5.3%,3.2%,6.8%,2.2%
161,"杉浦 佑成
#14SF",仙台,24,17,22,10.2%,17.3%,43.2%,45.4%,18.9%,20.5%,70.9%,79.5%,1.6,4.1%,3.7%,5.1%,7.7%,9.1%,3.7%,5.1%,4.4%,2.4%,3.0%,2.2%,2.2,4.1,3.6%,5.0%,7.1%,2.7%
168,"山崎 稜
#30SG",広島,23,15,12,10.8%,10.0%,45.3%,48.0%,11.7%,14.4%,77.5%,85.6%,1.1,3.6%,3.2%,4.6%,7.5%,8.4%,3.2%,4.6%,3.2%,1.8%,2.3%,1.6%,2.3,1.8,1.0%,3.3%,11.1%,1.8%
168,"久保田 義章
#11PG",三河,23,34,96,16.5%,36.0%,50.7%,54.6%,41.9%,48.2%,41.6%,51.8%,3.2,8.1%,7.9%,8.7%,8.9%,9.3%,7.9%,8.7%,4.1%,4.6%,4.5%,15.1%,9.3,5.5,1.1%,8.7%,8.2%,9.6%
168,"松脇 圭志
#15SG",琉球,23,28,24,3.5%,11.9%,42.7%,43.6%,12.9%,19.4%,83.6%,80.6%,1.6,6.3%,6.0%,8.6%,16.0%,16.4%,6.0%,8.6%,2.8%,4.7%,4.0%,6.3%,6.7,11.9,2.5%,10.0%,9.6%,2.1%
168,"大浦 颯太
#5PG",三遠,23,27,88,18.5%,25.8%,45.0%,49.9%,28.7%,35.3%,52.8%,64.7%,3.1,10.5%,9.6%,12.3%,15.9%,18.1%,9.6%,12.3%,3.0%,9.1%,7.0%,27.3%,14.0,12.6,0.9%,8.7%,7.8%,12.8%
168,"マリアル・シャヨク
#1SG/SF",A千葉,23,2,18,10.1%,18.2%,65.4%,68.0%,32.3%,52.9%,57.6%,47.1%,0.6,3.2%,3.0%,2.7%,6.1%,3.5%,3.0%,2.7%,1.4%,1.6%,1.5%,1.3%,2.8,2.3,1.8%,4.5%,1.6%,3.6%
168,"カイ・ソット
#11C",越谷,23,4,56,23.6%,62.9%,42.0%,47.9%,76.4%,93.8%,0.0%,6.2%,1.6,3.1%,3.3%,3.4%,0.0%,0.5%,3.3%,3.4%,5.2%,5.7%,5.6%,3.0%,2.7,1.9,13.6%,5.0%,1.5%,3.4%
174,"オマール・ジャマレディン
#1SG/SF",川崎,22,20,86,18.3%,56.2%,34.9%,38.1%,56.2%,62.6%,25.5%,37.4%,1.4,5.2%,5.1%,7.2%,3.6%,6.4%,5.1%,7.2%,6.8%,6.0%,6.2%,6.9%,7.4,8.5,6.1%,13.5%,7.1%,7.5%
174,"加藤 嵩都
#3PG",名古屋D,22,44,50,16.0%,30.7%,47.9%,51.7%,34.4%,37.8%,49.7%,62.2%,1.6,5.0%,4.6%,5.2%,7.3%,8.0%,4.6%,5.2%,3.2%,3.8%,3.6%,7.7%,8.7,7.6,2.5%,6.0%,7.9%,5.5%
174,"菊地 広人
#6PG/SG",北海道,22,4,18,18.2%,13.1%,49.1%,53.3%,16.1%,28.9%,65.7%,71.1%,2.7,4.0%,3.2%,4.3%,9.8%,9.3%,3.2%,4.3%,1.6%,1.3%,1.4%,3.8%,2.4,4.5,1.0%,1.9%,9.1%,3.3%
174,"江原 信太朗
#25SF",滋賀,22,19,18,3.3%,20.0%,48.3%,48.8%,20.0%,20.0%,76.7%,80.0%,1.3,2.9%,2.8%,3.5%,6.3%,6.3%,2.8%,3.5%,2.8%,3.4%,3.2%,1.6%,1.6,4.2,3.9%,1.8%,5.1%,1.2%
174,"木田 貴明
#0SF",A千葉,22,31,34,9.9%,19.9%,53.5%,55.6%,30.4%,45.1%,59.6%,54.9%,1.2,5.6%,5.2%,5.7%,11.0%,8.6%,5.2%,5.7%,1.0%,1.8%,1.5%,2.8%,3.2,5.6,0.9%,4.5%,4.8%,3.0%
179,"笹山 貴哉
#21PG",FE名古屋,21,21,38,5.7%,21.8%,50.3%,51.2%,28.7%,31.3%,65.5%,68.7%,2.2,5.5%,5.5%,6.3%,10.7%,10.4%,5.5%,6.3%,2.1%,2.2%,2.2%,9.6%,6.3,4.8,1.9%,7.1%,6.6%,2.3%
179,"高島 紳司
#12SG",宇都宮,21,46,42,4.2%,22.1%,52.6%,53.7%,23.2%,20.8%,72.6%,79.2%,2.1,5.7%,5.7%,6.7%,9.6%,10.1%,5.7%,6.7%,2.8%,7.1%,5.7%,3.6%,3.3,11.6,8.1%,3.4%,10.8%,1.2%
順位,選手,クラブ,得点,,,,,シュート,,2Pt,,3Pt,,アシスト,チーム内比率,,,,,,,,,,,,,,,,
,,,2NDPTS,FBPS,PITP,%PTSFT,%PTSPITP,EFG%,TS%,%PTS2PT,%FGA2PT,%PTS3PT,%FGA3PT,AST/TO,%PTS,%FGM,%FGA,%3PM,%3PA,%FTM,%FTA,%OREB,%DREB,%REB,%AST,%TOV,%STL,%BLK,%BLKA,%PF,%PFD
179,"野本 大智
#16PG",滋賀,21,48,102,17.3%,46.4%,47.9%,51.8%,50.0%,53.2%,32.7%,46.8%,1.9,7.0%,7.0%,7.5%,6.6%,7.8%,7.0%,7.5%,3.1%,3.2%,3.2%,12.2%,8.3,9.7,1.9%,10.1%,8.2%,7.3%
182,"ジャン・ローレンス・ハーパージュニア
#3PG",SR渋谷,20,47,52,12.6%,21.1%,46.4%,48.9%,24.3%,28.3%,63.2%,71.7%,2.1,8.4%,7.7%,9.2%,16.1%,16.7%,7.7%,9.2%,6.9%,6.3%,6.5%,19.5%,16.2,16.5,13.4%,4.2%,15.4%,10.5%
182,"山内 ジャヘル琉人
#45SG",川崎,20,22,54,15.1%,42.9%,46.1%,47.9%,44.4%,52.6%,40.5%,47.4%,1.4,4.3%,4.1%,4.7%,4.7%,5.2%,4.1%,4.7%,4.7%,3.5%,3.8%,2.7%,2.9,5.9,7.3%,5.8%,7.0%,4.6%
182,"中村 太地
#11PG/SG",島根,20,24,64,10.0%,25.7%,47.1%,49.3%,32.1%,36.6%,57.8%,63.4%,1.7,7.8%,7.5%,9.4%,13.7%,14.5%,7.5%,9.4%,2.2%,4.1%,3.5%,7.6%,7.9,7.0,3.9%,4.3%,13.4%,6.3%
185,"キング 開
#23PG/SG",横浜BC,19,26,100,9.3%,66.7%,45.9%,47.6%,70.7%,66.9%,20.0%,33.1%,1.8,4.9%,5.5%,5.9%,3.0%,4.9%,5.5%,5.9%,6.2%,1.8%,3.1%,3.9%,3.5,4.9,5.7%,11.5%,9.7%,3.5%
185,"元田 大陽
#12SG",秋田,19,46,34,8.2%,17.5%,43.8%,45.5%,26.8%,39.9%,64.9%,60.1%,1.2,6.8%,6.5%,8.1%,13.6%,12.6%,6.5%,8.1%,5.4%,2.9%,3.7%,5.4%,6.4,7.2,3.3%,7.0%,12.1%,3.5%
185,"渡辺 翔太
#15PG",仙台,19,71,46,6.4%,17.3%,54.1%,55.2%,20.3%,27.8%,73.3%,72.2%,3.5,8.5%,8.1%,9.0%,16.7%,14.3%,8.1%,9.0%,3.8%,5.4%,4.9%,10.7%,4.8,8.6,1.8%,7.0%,10.0%,9.4%
185,"田中 晴瑛
#17PG",富山,19,11,36,19.6%,37.1%,35.5%,40.4%,43.3%,50.9%,37.1%,49.1%,2.9,3.0%,2.9%,4.2%,4.3%,5.9%,2.9%,4.2%,3.9%,1.7%,2.4%,6.5%,3.1,4.1,1.2%,3.8%,7.3%,2.2%
185,"タナー・ライスナー
#15PF",秋田,19,27,58,19.0%,50.0%,53.4%,57.3%,50.0%,64.8%,31.0%,35.2%,1.6,4.1%,3.9%,3.5%,3.9%,3.2%,3.9%,3.5%,4.7%,3.1%,3.6%,2.1%,1.9,1.4,0.0%,3.1%,2.4%,3.6%
190,"陳岡 流羽
#10PG/SG",茨城,18,33,94,6.9%,65.3%,43.2%,44.0%,68.1%,61.9%,25.0%,38.1%,2.5,4.9%,5.6%,6.4%,3.9%,6.2%,5.6%,6.4%,8.0%,5.7%,6.3%,7.4%,4.5,12.3,5.6%,6.8%,11.6%,3.9%
190,"マシュー・アキノ
#13PF",富山,18,0,8,5.4%,10.8%,40.7%,42.2%,13.5%,17.4%,81.1%,82.6%,0.6,2.3%,2.2%,3.3%,7.2%,7.7%,2.2%,3.3%,3.0%,2.5%,2.6%,1.3%,3.3,2.7,7.1%,1.5%,7.0%,0.6%
190,"小野寺 祥太
#34PG/SG",琉球,18,25,22,4.5%,16.4%,49.2%,50.5%,19.4%,26.9%,76.1%,73.1%,4.1,4.2%,4.1%,4.9%,9.7%,8.5%,4.1%,4.9%,2.7%,3.6%,3.2%,7.7%,3.1,7.1,2.5%,4.4%,8.4%,2.7%
190,"常田 耕平
#17PG",滋賀,18,28,34,3.0%,25.8%,52.0%,52.3%,28.8%,27.6%,68.2%,72.4%,2.3,4.2%,4.3%,4.8%,8.2%,7.8%,4.3%,4.8%,2.4%,2.3%,2.3%,4.2%,2.4,5.5,1.0%,4.6%,11.6%,2.3%
190,"淺野 ケニー
#16SF",群馬,18,7,26,9.4%,30.6%,58.3%,60.0%,37.6%,53.0%,52.9%,47.0%,1.5,2.6%,2.7%,2.7%,3.6%,2.7%,2.7%,2.7%,3.4%,2.7%,2.9%,1.4%,1.8,2.3,2.9%,6.0%,3.8%,1.5%
190,"脇 真大
#18SG",琉球,18,34,80,25.0%,66.7%,37.2%,42.2%,70.0%,81.0%,5.0%,19.0%,1.5,3.8%,3.8%,4.6%,0.6%,2.1%,3.8%,4.6%,6.0%,4.7%,5.2%,8.1%,9.0,9.3,7.5%,10.0%,9.5%,6.2%
190,"宮本 一樹
#7SF/PF",富山,18,23,14,13.0%,11.4%,40.2%,42.7%,11.4%,17.3%,75.6%,82.7%,1.7,3.8%,3.3%,5.0%,11.2%,12.0%,3.3%,5.0%,2.8%,4.8%,4.1%,2.9%,2.4,5.5,2.4%,2.3%,9.1%,3.2%
197,"中東 泰斗
#12SG",名古屋D,17,19,42,9.8%,34.1%,49.6%,51.9%,34.1%,48.2%,56.1%,51.8%,2.8,3.8%,3.7%,4.0%,6.2%,5.2%,3.7%,4.0%,3.0%,5.6%,4.6%,5.5%,3.5,6.2,2.5%,6.0%,3.4%,1.7%
197,"岡田 大河
#55PG",川崎,17,33,118,12.1%,75.2%,45.7%,48.5%,80.3%,86.1%,7.6%,13.9%,2.0,5.3%,6.1%,6.1%,1.1%,2.0%,6.1%,6.1%,3.6%,2.1%,2.6%,15.3%,11.2,7.8,2.4%,10.6%,7.4%,7.1%
197,"前田 怜緒
#5SG/SF",A千葉,17,44,122,14.0%,41.6%,42.1%,45.0%,43.0%,51.2%,43.0%,48.8%,1.6,9.5%,9.1%,11.9%,13.5%,16.0%,9.1%,11.9%,3.9%,6.1%,5.4%,14.5%,12.8,10.8,5.5%,17.9%,13.6%,10.0%
200,"川真田 紘也
#99C",長崎,16,6,54,33.3%,66.7%,61.4%,70.8%,66.7%,100.0%,0.0%,0.0%,0.1,2.2%,2.1%,1.6%,0.0%,0.0%,2.1%,1.6%,3.5%,1.8%,2.3%,0.1%,2.5,0.6,5.3%,5.0%,4.2%,3.8%
順位,選手,クラブ,得点,,,,,シュート,,2Pt,,3Pt,,アシスト,チーム内比率,,,,,,,,,,,,,,,,
,,,2NDPTS,FBPS,PITP,%PTSFT,%PTSPITP,EFG%,TS%,%PTS2PT,%FGA2PT,%PTS3PT,%FGA3PT,AST/TO,%PTS,%FGM,%FGA,%3PM,%3PA,%FTM,%FTA,%OREB,%DREB,%REB,%AST,%TOV,%STL,%BLK,%BLKA,%PF,%PFD
200,"荒川 颯
#10PG/SG",琉球,16,27,28,7.8%,19.9%,44.2%,46.0%,28.4%,21.1%,63.8%,78.9%,1.9,4.4%,4.4%,5.6%,8.6%,10.4%,4.4%,5.6%,1.5%,1.9%,1.8%,5.3%,4.7,4.8,0.0%,0.0%,5.3%,1.5%
200,"ホール 百音 アレックス
#39SF",京都,16,34,72,11.5%,46.2%,44.5%,46.4%,50.0%,54.8%,38.5%,45.2%,1.2,5.6%,5.8%,6.2%,5.8%,6.2%,5.8%,6.2%,5.4%,4.6%,4.9%,4.9%,5.7,11.0,8.9%,9.3%,9.0%,5.7%
200,"テーブス 海
#3PG",A東京,16,20,46,11.4%,37.4%,53.4%,55.1%,42.3%,59.8%,46.3%,40.2%,3.5,3.9%,4.0%,4.1%,4.7%,3.6%,4.0%,4.1%,0.2%,2.2%,1.7%,7.0%,3.7,3.6,1.9%,5.5%,2.3%,3.4%
200,"原 修太
#31SG/SF",千葉J,16,40,140,8.7%,63.9%,51.3%,52.4%,66.7%,70.3%,24.7%,29.7%,2.1,6.8%,7.9%,7.7%,4.8%,5.4%,7.9%,7.7%,5.4%,5.2%,5.3%,10.0%,8.4,5.1,3.0%,9.7%,9.8%,7.0%
205,"熊谷 航
#11PG",長崎,15,20,48,7.6%,30.6%,47.7%,48.8%,33.1%,37.5%,59.2%,62.5%,3.2,4.3%,4.4%,5.6%,6.0%,7.1%,4.4%,5.6%,4.9%,4.6%,4.7%,17.1%,10.2,8.6,5.3%,7.0%,12.3%,6.5%
205,"ジェフ・ギブス
#34C/PF",千葉J,15,0,24,17.5%,60.0%,55.0%,59.7%,60.0%,83.3%,22.5%,16.7%,1.0,1.2%,1.3%,1.2%,0.8%,0.5%,1.3%,1.2%,2.6%,2.3%,2.4%,1.5%,2.6,3.1,1.5%,1.1%,3.2%,1.5%
205,"児玉 ジュニア
#33PG/SG",三遠,15,32,50,15.3%,51.0%,34.0%,37.3%,51.0%,51.6%,33.7%,48.4%,1.6,3.0%,3.2%,4.9%,2.9%,5.3%,3.2%,4.9%,3.0%,1.7%,2.2%,4.5%,4.5,6.5,0.9%,9.8%,6.2%,2.9%
205,"髙比良 寛治
#24SG",秋田,15,25,44,7.0%,38.6%,49.5%,50.4%,40.4%,40.2%,52.6%,59.8%,2.4,4.0%,4.1%,4.3%,6.5%,6.6%,4.1%,4.3%,1.9%,3.5%,3.0%,4.1%,2.5,5.4,4.4%,3.9%,9.6%,2.5%
205,"大庭 岳輝
#14SG",越谷,15,24,22,2.3%,12.8%,48.0%,48.7%,20.9%,30.3%,76.7%,69.7%,1.1,6.0%,6.0%,7.3%,11.6%,11.2%,6.0%,7.3%,3.2%,1.4%,1.9%,2.4%,2.9,3.8,0.0%,9.2%,6.1%,1.6%
210,"瀬川 琉久
#5PG",千葉J,14,22,84,19.9%,44.0%,42.7%,47.2%,59.7%,74.3%,20.4%,25.7%,1.3,6.0%,6.1%,7.1%,3.4%,4.3%,6.1%,7.1%,5.4%,2.5%,3.3%,9.1%,12.1,8.7,7.6%,16.1%,10.9%,10.9%
210,"晴山 ケビン
#32SF",広島,14,18,8,8.2%,8.2%,46.8%,49.0%,8.2%,11.6%,83.5%,88.4%,1.3,2.9%,2.6%,3.7%,6.5%,7.0%,2.6%,3.7%,3.4%,2.6%,2.8%,1.0%,1.3,2.2,2.0%,1.1%,4.4%,0.7%
210,"熊谷 尚也
#27SF",A千葉,14,8,54,0.9%,46.2%,48.7%,48.8%,47.9%,49.6%,51.3%,50.4%,0.8,3.8%,4.2%,4.7%,6.5%,6.6%,4.2%,4.7%,2.7%,2.4%,2.5%,2.2%,4.1,2.3,7.3%,5.4%,4.7%,1.1%
210,"赤穂 雷太
#6SG/SF",秋田,14,19,30,14.7%,21.0%,43.3%,46.5%,26.6%,37.6%,58.7%,62.4%,1.6,5.0%,4.5%,5.6%,9.1%,9.1%,4.5%,5.6%,4.4%,2.2%,2.9%,3.4%,3.1,6.5,6.7%,3.9%,7.2%,5.0%
210,"土屋 アリスター時生
#77PF",秋田,14,18,72,4.9%,69.9%,54.4%,55.6%,95.1%,100.0%,0.0%,0.0%,0.9,3.6%,4.7%,3.6%,0.0%,0.0%,4.7%,3.6%,5.8%,1.9%,3.2%,2.2%,3.7,3.2,7.8%,6.2%,7.4%,1.1%
210,"関野 剛平
#1SG/SF",北海道,14,18,18,8.9%,16.1%,48.1%,49.7%,21.4%,29.2%,69.6%,70.8%,2.1,3.3%,3.0%,4.0%,8.5%,8.6%,3.0%,4.0%,1.2%,3.2%,2.5%,6.4%,5.3,6.1,2.0%,1.9%,5.7%,3.3%
216,"谷口 大智
#55C/PF",群馬,13,5,8,4.7%,12.5%,62.2%,63.0%,15.6%,12.2%,79.7%,87.8%,1.0,2.0%,1.9%,2.0%,4.1%,3.7%,1.9%,2.0%,0.7%,2.0%,1.6%,0.7%,1.3,1.2,5.8%,0.0%,3.5%,0.4%
216,"大倉 颯太
#2PG/SG",A東京,13,9,36,10.9%,26.1%,48.4%,50.2%,26.1%,43.3%,63.0%,56.7%,1.4,4.4%,4.2%,5.1%,7.1%,6.4%,4.2%,5.1%,1.8%,2.4%,2.3%,8.0%,10.5,3.6,1.0%,5.5%,9.8%,5.9%
216,"角野 亮伍
#18SG/SF",三河,13,21,78,10.7%,32.1%,53.4%,55.7%,33.7%,39.4%,55.6%,60.6%,1.1,7.4%,7.3%,8.0%,10.8%,10.0%,7.3%,8.0%,2.9%,3.5%,3.4%,3.3%,5.7,5.9,2.1%,5.8%,3.3%,4.0%
216,"小島 元基
#1PG",茨城,13,4,24,22.3%,19.8%,48.0%,54.4%,38.0%,51.0%,39.7%,49.0%,2.8,4.1%,3.6%,4.0%,5.2%,5.0%,3.6%,4.0%,2.7%,1.5%,1.9%,8.6%,4.5,1.7,0.0%,2.9%,3.1%,3.5%
216,"兪 龍海
#51SF",横浜BC,13,9,22,12.2%,53.7%,36.0%,38.0%,58.5%,60.0%,29.3%,40.0%,1.4,1.3%,1.4%,2.0%,1.2%,2.0%,1.4%,2.0%,3.1%,2.1%,2.4%,1.4%,1.7,4.5,1.4%,4.6%,4.0%,1.2%
順位,選手,クラブ,得点,,,,,シュート,,2Pt,,3Pt,,アシスト,チーム内比率,,,,,,,,,,,,,,,,
,,,2NDPTS,FBPS,PITP,%PTSFT,%PTSPITP,EFG%,TS%,%PTS2PT,%FGA2PT,%PTS3PT,%FGA3PT,AST/TO,%PTS,%FGM,%FGA,%3PM,%3PA,%FTM,%FTA,%OREB,%DREB,%REB,%AST,%TOV,%STL,%BLK,%BLKA,%PF,%PFD
216,"長野 誠史
#7PG",三河,13,16,76,23.0%,35.0%,44.7%,51.1%,39.6%,37.4%,37.3%,62.6%,2.3,6.6%,5.9%,7.4%,6.5%,9.5%,5.9%,7.4%,3.9%,4.4%,4.3%,21.1%,18.1,10.9,3.2%,3.9%,14.0%,11.2%
216,"大塚 裕土
#24SG",A千葉,13,9,8,6.4%,8.5%,56.4%,57.3%,10.6%,11.5%,83.0%,88.5%,0.8,3.1%,2.7%,3.1%,8.4%,7.5%,2.7%,3.1%,0.4%,1.1%,0.8%,0.9%,1.6,1.4,0.9%,0.0%,4.2%,0.8%
216,"井上 諒汰
#34SF",佐賀,13,14,22,5.1%,22.2%,54.7%,55.6%,28.3%,20.9%,66.7%,79.1%,1.8,3.1%,3.2%,3.4%,5.9%,5.7%,3.2%,3.4%,1.5%,1.4%,1.4%,3.4%,3.9,3.9,2.4%,0.0%,8.0%,2.8%
216,"根本 大
#20PG",三遠,13,26,58,10.5%,27.6%,60.6%,62.6%,29.5%,38.1%,60.0%,61.9%,1.3,6.5%,6.4%,6.2%,11.1%,8.7%,6.4%,6.2%,2.4%,3.1%,2.9%,7.0%,8.7,5.1,4.3%,9.8%,9.3%,3.9%
216,"田代 直希
#4SG/SF",千葉J,13,15,22,9.8%,26.8%,55.2%,57.1%,31.7%,44.8%,58.5%,55.2%,2.0,2.6%,2.5%,2.6%,4.2%,3.4%,2.5%,2.6%,5.2%,3.5%,4.0%,4.2%,3.7,7.1,1.5%,0.0%,9.8%,2.0%
216,"島谷 怜
#15PG",北海道,13,57,94,20.7%,45.2%,55.7%,61.2%,49.0%,63.5%,30.3%,36.5%,3.4,6.1%,5.7%,5.6%,6.8%,6.2%,5.7%,5.6%,3.5%,5.4%,4.7%,15.8%,8.1,13.0,0.0%,2.9%,12.8%,8.9%
216,"大崎 裕太
#16PG/SG",A千葉,13,11,38,4.2%,39.6%,44.7%,45.8%,45.8%,48.5%,50.0%,51.5%,2.0,3.1%,3.3%,4.1%,5.2%,5.8%,3.3%,4.1%,2.7%,2.6%,2.6%,6.2%,4.2,3.3,0.0%,0.9%,6.2%,1.8%
216,"石井 講祐
#27SG",三河,13,8,8,20.0%,12.3%,44.8%,50.0%,15.4%,13.8%,64.6%,86.2%,3.8,2.0%,1.6%,2.3%,3.3%,4.1%,1.6%,2.3%,1.7%,1.9%,1.8%,2.8%,1.4,3.8,1.1%,1.9%,4.1%,2.7%
229,"コー・フリッピン
#1PG/SG",群馬,12,12,48,12.5%,75.0%,41.2%,41.7%,87.5%,91.2%,0.0%,8.8%,2.0,2.0%,2.4%,2.8%,0.0%,0.5%,2.4%,2.8%,2.5%,1.9%,2.1%,4.6%,4.4,3.5,1.0%,3.6%,3.9%,2.3%
229,"シェーファー アヴィ幸樹
#32C",三河,12,6,46,20.7%,79.3%,46.9%,50.9%,79.3%,89.8%,0.0%,10.2%,1.3,1.8%,2.0%,1.9%,0.0%,0.4%,2.0%,1.9%,4.4%,3.6%,3.8%,1.1%,1.7,2.9,4.3%,3.9%,3.8%,2.6%
229,"狩野 富成
#14C",SR渋谷,12,6,36,18.2%,81.8%,41.9%,44.4%,81.8%,100.0%,0.0%,0.0%,0.6,1.5%,1.7%,1.7%,0.0%,0.0%,1.7%,1.7%,3.2%,2.3%,2.6%,0.8%,2.2,2.6,6.7%,8.3%,5.0%,1.8%
229,"ヤン ジェミン
#9SF",茨城,12,15,64,8.8%,56.6%,45.2%,45.7%,56.6%,49.1%,34.5%,50.9%,1.0,3.9%,4.1%,4.7%,4.3%,6.0%,4.1%,4.7%,3.4%,5.2%,4.7%,3.2%,4.5,8.5,7.9%,6.8%,10.1%,3.8%
229,"田口 成浩
#5SG",秋田,12,9,16,9.7%,22.2%,51.6%,53.1%,27.8%,25.4%,62.5%,74.6%,0.9,2.5%,2.4%,2.5%,4.9%,4.9%,2.4%,2.5%,0.5%,1.3%,1.1%,1.2%,1.9,2.5,1.1%,0.8%,2.1%,1.5%
229,"谷口 光貴
#7SG/SF",横浜BC,12,12,14,2.3%,16.3%,55.3%,55.9%,20.9%,19.7%,76.7%,80.3%,0.3,2.8%,2.7%,3.0%,6.6%,6.1%,2.7%,3.0%,1.0%,0.5%,0.7%,0.4%,2.3,2.0,0.0%,0.0%,4.2%,1.0%
229,"野本 建吾
#10PF",川崎,12,13,38,18.2%,57.6%,51.9%,55.5%,63.6%,69.2%,18.2%,30.8%,1.5,2.2%,2.3%,2.1%,1.1%,1.5%,2.3%,2.1%,2.1%,2.3%,2.3%,2.3%,2.4,3.0,2.4%,3.8%,4.0%,2.8%
229,"川嶋 勇人
#15SG",京都,12,21,34,10.5%,22.2%,40.3%,42.4%,28.8%,34.1%,60.8%,65.9%,2.2,5.5%,5.2%,6.8%,9.0%,10.0%,5.2%,6.8%,1.9%,3.1%,2.7%,11.1%,7.0,13.6,5.0%,3.1%,10.3%,4.4%
229,"内尾 聡理
#18PG/SG",佐賀,12,25,46,10.2%,39.0%,45.3%,46.9%,39.0%,44.4%,50.8%,55.6%,1.9,3.7%,3.8%,4.6%,5.3%,5.4%,3.8%,4.6%,5.8%,3.2%,4.0%,5.7%,6.2,8.2,3.5%,15.6%,14.2%,3.6%
238,"ディディ・ロウザダ
#0SF",SR渋谷,11,21,38,7.7%,36.5%,47.5%,48.9%,51.9%,55.4%,40.4%,44.6%,1.2,3.5%,3.8%,4.0%,4.3%,4.5%,3.8%,4.0%,2.4%,2.8%,2.7%,2.8%,4.0,2.2,1.7%,0.0%,2.8%,2.0%
238,"佐藤 涼成
#88PG",広島,11,21,48,10.5%,31.4%,51.1%,52.6%,32.7%,32.8%,56.9%,67.2%,2.3,4.6%,4.5%,5.2%,7.0%,7.5%,4.5%,5.2%,2.8%,3.3%,3.2%,8.7%,6.1,6.3,0.0%,4.4%,10.1%,3.0%
238,"青木 保憲
#4PG",大阪,11,27,80,14.8%,38.1%,46.4%,50.4%,46.7%,57.0%,38.6%,43.0%,2.4,6.8%,6.7%,7.5%,7.9%,7.6%,6.7%,7.5%,2.6%,3.7%,3.3%,14.2%,9.3,9.2,0.0%,4.3%,11.6%,7.8%
順位,選手,クラブ,得点,,,,,シュート,,2Pt,,3Pt,,アシスト,チーム内比率,,,,,,,,,,,,,,,,
,,,2NDPTS,FBPS,PITP,%PTSFT,%PTSPITP,EFG%,TS%,%PTS2PT,%FGA2PT,%PTS3PT,%FGA3PT,AST/TO,%PTS,%FGM,%FGA,%3PM,%3PA,%FTM,%FTA,%OREB,%DREB,%REB,%AST,%TOV,%STL,%BLK,%BLKA,%PF,%PFD
238,"駒沢 颯
#7PG",茨城,11,23,70,5.2%,30.2%,43.0%,44.3%,43.1%,45.7%,51.7%,54.3%,1.2,7.9%,8.3%,10.5%,13.1%,14.5%,8.3%,10.5%,2.4%,5.9%,4.9%,7.4%,9.6,6.0,4.5%,11.7%,9.9%,3.9%
238,"池田 祐一
#12PG",越谷,11,57,86,15.7%,48.3%,43.9%,46.9%,53.9%,57.9%,30.3%,42.1%,1.9,6.2%,6.4%,7.1%,4.7%,6.6%,6.4%,7.1%,3.5%,5.2%,4.8%,17.0%,12.4,12.3,2.5%,12.6%,11.6%,10.0%
238,"喜多川 修平
#31SF",越谷,11,11,20,14.3%,16.8%,55.4%,59.0%,25.2%,37.0%,60.5%,63.0%,1.1,4.2%,3.8%,3.8%,6.3%,5.3%,3.8%,3.8%,2.3%,3.3%,3.0%,2.2%,2.9,3.8,0.0%,1.7%,6.2%,2.6%
238,"久岡 幸太郎
#14PG",茨城,11,3,14,11.8%,20.6%,39.5%,40.5%,35.3%,38.2%,52.9%,61.8%,2.2,2.3%,2.2%,3.1%,3.9%,4.9%,2.2%,3.1%,1.0%,1.4%,1.3%,5.2%,3.6,1.7,0.0%,4.9%,4.5%,2.7%
245,"松崎 裕樹
#24SG/SF",横浜BC,10,17,46,6.3%,57.5%,42.1%,42.8%,60.0%,49.4%,33.8%,50.6%,1.2,2.6%,2.9%,3.6%,2.7%,4.5%,2.9%,3.6%,4.1%,2.1%,2.7%,2.3%,3.1,3.7,4.3%,4.6%,6.6%,1.4%
245,"菅原 佳依
#28SF",越谷,10,13,20,9.9%,24.7%,41.5%,43.6%,27.2%,27.3%,63.0%,72.7%,1.5,2.8%,2.7%,3.7%,4.5%,5.9%,2.7%,3.7%,2.6%,2.2%,2.3%,3.9%,3.7,5.4,0.0%,5.9%,7.5%,2.3%
245,"クエンティン・ミロラ・ブラウン
#42C",千葉J,10,2,18,35.7%,64.3%,45.0%,55.4%,64.3%,95.0%,0.0%,5.0%,2.5,0.9%,0.8%,0.8%,0.0%,0.1%,0.8%,0.8%,2.2%,1.2%,1.5%,1.2%,0.9,1.5,2.3%,2.2%,3.6%,1.8%
245,"平岩 玄
#21C",A東京,10,2,22,0.0%,100.0%,47.8%,44.4%,100.0%,95.7%,0.0%,4.3%,0.8,0.7%,1.0%,0.9%,0.0%,0.1%,1.0%,0.9%,3.2%,1.9%,2.3%,0.7%,1.7,1.8,1.0%,2.7%,4.5%,0.8%
245,"渡邉 伶音
#42SF/PF",A千葉,10,15,32,24.2%,48.5%,37.3%,41.8%,48.5%,50.7%,27.3%,49.3%,0.5,2.1%,1.9%,2.7%,1.9%,3.6%,1.9%,2.7%,1.9%,1.9%,1.9%,0.4%,1.0,3.3,0.9%,2.7%,3.8%,3.2%
245,"野﨑 零也
#12SG",SR渋谷,10,22,40,16.4%,34.5%,47.1%,51.3%,39.7%,49.5%,44.0%,50.5%,1.8,3.9%,3.7%,4.0%,5.3%,5.2%,3.7%,4.0%,1.2%,1.7%,1.6%,4.4%,4.2,6.9,1.7%,4.2%,8.2%,3.6%